content,sentiment,sentiment_score,like_count,sub_comment_count,content_len,create_time,topics,segments
自律打卡第100天，从一个摆烂的人变成现在的自己，感谢那个没放弃的我,neutral,1.0,0.0,0.0,34,1778668357928.0,自律与习惯,习惯崩盘型
有没有人一起打卡互相监督，一个人真的坚持不下去,positive,2.6,0.0,0.0,23,1777742954599.0,"自律与习惯,教练方法与关系",习惯崩盘型
允许自己做自己，允许别人做别人,positive,2.0,0.0,0.0,15,1779539782331.0,自我接纳与成长,
习惯养成真的好难，前21天简直要命，但熬过去就好了,positive,3.2,0.0,20.0,25,1779692035785.0,自律与习惯,习惯崩盘型
有没有性价比高的教练推荐，想要被监督又不想花太多钱 同感,neutral,1.0,100.0,0.0,28,1784571051976.0,"价值与价格,教练方法与关系",教练学习者
找一个搭子一起自律真的很重要，互相监督比一个人坚持容易太多了,positive,3.2,1.0,0.0,30,1778068490398.0,"自律与习惯,教练方法与关系",
遇到了一个很好的教练，她总是不评判我，只是耐心地听我说然后问我问题,positive,1.6,3.0,20.0,33,1782060068064.0,教练方法与关系,教练学习者
习惯养成真的好难，前21天简直要命，但熬过去就好了,positive,3.2,1.0,0.0,25,1784476496076.0,自律与习惯,习惯崩盘型
25岁之后开始觉醒，原来爱自己才是所有改变的基础,positive,3.0,1.0,2.0,24,1781864434587.0,"拖延与行动障碍,自我接纳与成长",积极成长型
有没有好用的目标管理工具推荐，想要一个能每天提醒我的,positive,2.0,1.0,0.0,26,1780393955957.0,"目标与计划,效率与工具,自律与习惯",方向迷茫型
自律不是靠意志力，是靠环境和习惯，把目标融入日常,positive,3.0,3.0,2.0,24,1783024103055.0,"自律与习惯,目标与计划","习惯崩盘型,方向迷茫型"
允许自己停下来也是一种能力，我花了很久才学会,neutral,1.3,50.0,0.0,22,1780235467527.0,自我接纳与成长,
人的改变真的是从接纳开始的，越抗拒越痛苦 同感,positive,2.6,0.0,1.0,23,1781373904382.0,"自我接纳与成长,拖延与行动障碍",积极成长型
一个好的coach真的能改变你的人生轨迹，感恩,positive,3.2,0.0,1.0,23,1783741137627.0,"教练方法与关系,自我接纳与成长","积极成长型,教练学习者"
如果有一个AI教练每天在微信里提醒我打卡，我愿意付费,neutral,1.0,1.0,1.0,26,1782236092967.0,"教练方法与关系,自律与习惯,价值与价格","习惯崩盘型,教练学习者"
从年目标倒推到日计划，这个方法帮我实现了年度flag,positive,2.0,3.0,0.0,26,1782956848951.0,"目标与计划,效率与工具","方向迷茫型,教练学习者"
内耗的本质是自我攻击，学会对自己温柔一点 加油,neutral,0.0,0.0,0.0,23,1782837308265.0,情绪与内耗,情绪内耗型
做计划的时候激情满满，执行的时候各种理由推脱，我太难了,neutral,0.0,20.0,1.0,27,1782723547472.0,目标与计划,
有没有人一起打卡互相监督，一个人真的坚持不下去 同感,positive,2.6,50.0,1.0,26,1779521646380.0,"自律与习惯,教练方法与关系",习惯崩盘型
我也总是拖延，看了很多方法都没用，感觉需要有人盯着我才能动起来,negative,-2.0,0.0,3.0,31,1777799380854.0,"拖延与行动障碍,效率与工具","拖延挣扎型,教练学习者"
精神内耗太严重了，一天下来什么都没做却累得要死 收藏了,neutral,-1.3,500.0,3.0,27,1784381666600.0,情绪与内耗,情绪内耗型
SMART原则真的有用，目标要具体可衡量才有执行力,positive,2.6,1.0,2.0,25,1778033049845.0,"目标与计划,效率与工具,拖延与行动障碍",方向迷茫型
人生没有白走的路，每一步都算数 说的太对了,neutral,0.0,1.0,0.0,21,1782896139515.0,,
允许自己停下来也是一种能力，我花了很久才学会 收藏了,neutral,1.3,100.0,0.0,26,1782905853292.0,自我接纳与成长,
拖延不是懒，是完美主义在作祟，怕做不好所以不开始,negative,-2.0,1.0,0.0,24,1780051249653.0,拖延与行动障碍,拖延挣扎型
抑郁情绪来的时候什么都不想做，这个时候不逼自己才是对的 共勉,neutral,-1.0,1.0,10.0,30,1784111802914.0,情绪与内耗,情绪内耗型
不要等到准备好了再开始，先做了再说，路是走出来的,neutral,1.3,0.0,0.0,24,1780415256500.0,拖延与行动障碍,
精神内耗太严重了，一天下来什么都没做却累得要死,neutral,-1.3,0.0,5.0,23,1783316053980.0,情绪与内耗,情绪内耗型
自律不是靠意志力，是靠环境和习惯，把目标融入日常,positive,3.0,0.0,3.0,24,1782008238339.0,"自律与习惯,目标与计划","习惯崩盘型,方向迷茫型"
AI教练真的能替代真人教练吗？感觉少了那种被理解的感觉,neutral,1.3,0.0,3.0,27,1784080200991.0,教练方法与关系,教练学习者
自律不是苦行僧，而是对自己的人生有掌控感。当你开始行动，焦虑自然就消失了。,neutral,1.0,926.0,0.0,37,1781796527978.0,"自律与习惯,拖延与行动障碍,情绪与内耗",情绪内耗型
抑郁情绪来的时候什么都不想做，这个时候不逼自己才是对的,neutral,-1.0,5.0,0.0,27,1783898930522.0,情绪与内耗,情绪内耗型
焦虑到失眠，感觉所有人都在前进只有我停在原地 说的太对了,neutral,-1.3,1.0,5.0,28,1783595369993.0,情绪与内耗,情绪内耗型
教练课程太贵了，一个月几千块真的负担不起,neutral,0.0,3.0,3.0,20,1782060160649.0,"教练方法与关系,价值与价格",教练学习者
从年目标倒推到日计划，这个方法帮我实现了年度flag,positive,2.0,1.0,0.0,26,1785228604045.0,"目标与计划,效率与工具","方向迷茫型,教练学习者"
最近最大的成长是学会了对自己说没关系，慢慢来,neutral,1.0,50.0,2.0,22,1784556733222.0,自我接纳与成长,积极成长型
好的教练真的像一面镜子，让你看清自己看不到的盲区,positive,1.6,1.0,0.0,24,1779307945751.0,教练方法与关系,教练学习者
允许自己停下来也是一种能力，我花了很久才学会 说的太对了,positive,1.6,20.0,1.0,28,1781328149482.0,自我接纳与成长,
教练课程太贵了，一个月几千块真的负担不起 说的太对了,neutral,0.0,10.0,1.0,26,1780408751743.0,"教练方法与关系,价值与价格",教练学习者
最近最大的成长是学会了对自己说没关系，慢慢来,neutral,1.0,1.0,2.0,22,1779510907111.0,自我接纳与成长,积极成长型
自律打卡第100天，从一个摆烂的人变成现在的自己，感谢那个没放弃的我,neutral,1.0,0.0,0.0,34,1785256824794.0,自律与习惯,习惯崩盘型
成长就是接纳自己的普通然后依然努力,positive,2.0,0.0,1.0,17,1784742960906.0,自我接纳与成长,积极成长型
拖延症晚期患者求拯救，明明知道该做什么就是不想动,neutral,-1.0,0.0,3.0,24,1784685726008.0,拖延与行动障碍,拖延挣扎型
AI教练真的能替代真人教练吗？感觉少了那种被理解的感觉,neutral,1.3,1.0,1.0,27,1781970434408.0,教练方法与关系,教练学习者
不会做计划怎么办，每次计划都做得太满然后完不成更挫败,neutral,0.0,1.0,5.0,26,1785073580820.0,目标与计划,
如果有一个AI教练每天在微信里提醒我打卡，我愿意付费,neutral,1.0,1.0,0.0,26,1778866679578.0,"教练方法与关系,自律与习惯,价值与价格","习惯崩盘型,教练学习者"
教练课程太贵了，一个月几千块真的负担不起,neutral,0.0,500.0,1.0,20,1784464704333.0,"教练方法与关系,价值与价格",教练学习者
免费的东西往往最贵，好的服务值得付费,positive,2.6,1.0,20.0,18,1780319366246.0,价值与价格,
每次想做正事就开始拖延，刷手机刷到半夜然后自责，第二天又重复，怎么打破这个循环,negative,-2.0,3.0,2.0,39,1780797835719.0,拖延与行动障碍,拖延挣扎型
习惯养成真的好难，前21天简直要命，但熬过去就好了,positive,3.2,0.0,1.0,25,1778919610561.0,自律与习惯,习惯崩盘型
AI教练真的能替代真人教练吗？感觉少了那种被理解的感觉,neutral,1.3,500.0,0.0,27,1781130526387.0,教练方法与关系,教练学习者
一个好的coach真的能改变你的人生轨迹，感恩 同感,positive,3.2,50.0,3.0,26,1779248138753.0,"教练方法与关系,自我接纳与成长","积极成长型,教练学习者"
我也总是拖延，看了很多方法都没用，感觉需要有人盯着我才能动起来 说的太对了,negative,-2.6,3.0,2.0,37,1781191135292.0,"拖延与行动障碍,效率与工具","拖延挣扎型,教练学习者"
拖延的根源不是懒，是恐惧。怕做不好、怕被评价、怕失败。教练帮我看到的这一点，改变了我的人生。,negative,-3.0,6337.0,0.0,46,1784765334741.0,"拖延与行动障碍,情绪与内耗,教练方法与关系,自我接纳与成长","拖延挣扎型,积极成长型,教练学习者"
接纳自己的不完美才是治愈的开始,positive,2.0,0.0,0.0,15,1782853865507.0,"自我接纳与成长,拖延与行动障碍",
AI教练真的能替代真人教练吗？感觉少了那种被理解的感觉,neutral,1.3,0.0,0.0,27,1782621464764.0,教练方法与关系,教练学习者
人的改变真的是从接纳开始的，越抗拒越痛苦,positive,2.6,0.0,2.0,20,1783160018337.0,"自我接纳与成长,拖延与行动障碍",积极成长型
允许自己停下来也是一种能力，我花了很久才学会,neutral,1.3,5.0,0.0,22,1783869506615.0,自我接纳与成长,
计划不用太完美，完成比完美更重要 共勉,neutral,1.3,20.0,1.0,19,1780909304112.0,目标与计划,
成长就是接纳自己的普通然后依然努力 收藏了,positive,2.0,0.0,2.0,21,1782440031833.0,自我接纳与成长,积极成长型
拖延不是懒，是完美主义在作祟，怕做不好所以不开始,negative,-2.0,0.0,0.0,24,1777600735572.0,拖延与行动障碍,拖延挣扎型
拖延的背后是恐惧，害怕失败所以迟迟不开始,negative,-4.0,5.0,0.0,20,1784938248158.0,"拖延与行动障碍,情绪与内耗",拖延挣扎型
拖延不是懒，是完美主义在作祟，怕做不好所以不开始,negative,-2.0,0.0,1.0,24,1783323333052.0,拖延与行动障碍,拖延挣扎型
习惯养成真的好难，前21天简直要命，但熬过去就好了 加油,positive,3.2,5.0,1.0,28,1782064724981.0,自律与习惯,习惯崩盘型
精神内耗太严重了，一天下来什么都没做却累得要死 收藏了,neutral,-1.3,0.0,1.0,27,1781013428889.0,情绪与内耗,情绪内耗型
一个好的coach真的能改变你的人生轨迹，感恩,positive,3.2,0.0,0.0,23,1781712012394.0,"教练方法与关系,自我接纳与成长","积极成长型,教练学习者"
人生没有白走的路，每一步都算数,neutral,0.0,10.0,2.0,15,1777865663795.0,,
接纳自己的不完美才是治愈的开始,positive,2.0,3.0,0.0,15,1782778007357.0,"自我接纳与成长,拖延与行动障碍",
每天被焦虑裹挟，明明很努力还是觉得不够好,neutral,0.0,3.0,0.0,20,1777838305904.0,"自律与习惯,情绪与内耗",情绪内耗型
好的教练真的像一面镜子，让你看清自己看不到的盲区 加油,positive,1.6,1.0,0.0,27,1777746917495.0,教练方法与关系,教练学习者
做计划的时候激情满满，执行的时候各种理由推脱，我太难了 收藏了,neutral,0.0,10.0,10.0,31,1777722698611.0,目标与计划,
允许自己做自己，允许别人做别人,positive,2.0,0.0,2.0,15,1783158289312.0,自我接纳与成长,
一个好的coach真的能改变你的人生轨迹，感恩 共勉,positive,3.2,10.0,2.0,26,1784687108257.0,"教练方法与关系,自我接纳与成长","积极成长型,教练学习者"
抑郁情绪来的时候什么都不想做，这个时候不逼自己才是对的,neutral,-1.0,3.0,1.0,27,1783344405978.0,情绪与内耗,情绪内耗型
不要等到准备好了再开始，先做了再说，路是走出来的,neutral,1.3,1.0,0.0,24,1780592216548.0,拖延与行动障碍,
找一个搭子一起自律真的很重要，互相监督比一个人坚持容易太多了,positive,3.2,0.0,0.0,30,1779681233932.0,"自律与习惯,教练方法与关系",
有没有好用的目标管理工具推荐，想要一个能每天提醒我的,positive,2.0,0.0,10.0,26,1778214159574.0,"目标与计划,效率与工具,自律与习惯",方向迷茫型
习惯养成真的好难，前21天简直要命，但熬过去就好了 说的太对了,positive,3.8,5.0,2.0,31,1779955210401.0,自律与习惯,习惯崩盘型
抑郁情绪来的时候什么都不想做，这个时候不逼自己才是对的,neutral,-1.0,50.0,2.0,27,1781214236590.0,情绪与内耗,情绪内耗型
SMART原则真的有用，目标要具体可衡量才有执行力,positive,2.6,20.0,3.0,25,1781603888940.0,"目标与计划,效率与工具,拖延与行动障碍",方向迷茫型
最近最大的成长是学会了对自己说没关系，慢慢来,neutral,1.0,0.0,0.0,22,1779589631028.0,自我接纳与成长,积极成长型
好的教练真的像一面镜子，让你看清自己看不到的盲区,positive,1.6,5.0,0.0,24,1782102719729.0,教练方法与关系,教练学习者
计划不用太完美，完成比完美更重要,neutral,1.3,0.0,2.0,16,1782110331823.0,目标与计划,
习惯养成真的好难，前21天简直要命，但熬过去就好了,positive,3.2,20.0,3.0,25,1783566809241.0,自律与习惯,习惯崩盘型
如果有一个AI教练每天在微信里提醒我打卡，我愿意付费 同感,neutral,1.0,0.0,0.0,29,1781980647334.0,"教练方法与关系,自律与习惯,价值与价格","习惯崩盘型,教练学习者"
道理都懂就是做不到，说的就是我本人了 说的太对了,neutral,0.0,3.0,1.0,24,1781224154079.0,,
从年目标倒推到日计划，这个方法帮我实现了年度flag,positive,2.0,3.0,2.0,26,1780070322745.0,"目标与计划,效率与工具","方向迷茫型,教练学习者"
习惯养成真的好难，前21天简直要命，但熬过去就好了,positive,3.2,1.0,1.0,25,1779562324210.0,自律与习惯,习惯崩盘型
每天进步一点点，三个月回头看真的被自己惊讶到,neutral,1.3,0.0,1.0,22,1781898054482.0,"自律与习惯,自我接纳与成长",积极成长型
AI教练真的能替代真人教练吗？感觉少了那种被理解的感觉,neutral,1.3,3.0,0.0,27,1782762615327.0,教练方法与关系,教练学习者
每天被焦虑裹挟，明明很努力还是觉得不够好,neutral,0.0,5.0,0.0,20,1785112969795.0,"自律与习惯,情绪与内耗",情绪内耗型
计划不用太完美，完成比完美更重要 收藏了,neutral,1.3,0.0,2.0,20,1781008652780.0,目标与计划,
我也总是拖延，看了很多方法都没用，感觉需要有人盯着我才能动起来 加油,negative,-2.0,3.0,0.0,34,1780307354596.0,"拖延与行动障碍,效率与工具","拖延挣扎型,教练学习者"
成长就是接纳自己的普通然后依然努力,positive,2.0,100.0,2.0,17,1781735761455.0,自我接纳与成长,积极成长型
教练和心理咨询师的区别是什么？感觉教练更注重行动和未来,neutral,1.0,0.0,3.0,27,1783937208604.0,"教练方法与关系,拖延与行动障碍",教练学习者
遇到了一个很好的教练，她总是不评判我，只是耐心地听我说然后问我问题,positive,1.6,0.0,1.0,33,1784218384780.0,教练方法与关系,教练学习者
找教练有用吗？价格不便宜但确实帮我突破了瓶颈,neutral,0.0,1.0,1.0,22,1783654676858.0,"教练方法与关系,价值与价格,自我接纳与成长","积极成长型,教练学习者"
有没有性价比高的教练推荐，想要被监督又不想花太多钱,neutral,1.0,1.0,0.0,25,1784305862394.0,"价值与价格,教练方法与关系",教练学习者
精神内耗太严重了，一天下来什么都没做却累得要死,neutral,-1.3,0.0,0.0,23,1784549268532.0,情绪与内耗,情绪内耗型
好的教练真的像一面镜子，让你看清自己看不到的盲区,positive,1.6,3.0,0.0,24,1781481584084.0,教练方法与关系,教练学习者
有没有好用的目标管理工具推荐，想要一个能每天提醒我的,positive,2.0,0.0,0.0,26,1779797694477.0,"目标与计划,效率与工具,自律与习惯",方向迷茫型
内耗是可以停止的。第一步就是允许自己不完美，允许自己慢慢来。,neutral,1.0,2174.0,5.0,30,1784580052512.0,"情绪与内耗,拖延与行动障碍,自我接纳与成长",情绪内耗型
有没有性价比高的教练推荐，想要被监督又不想花太多钱,neutral,1.0,0.0,0.0,25,1783994129141.0,"价值与价格,教练方法与关系",教练学习者
人的改变真的是从接纳开始的，越抗拒越痛苦,positive,2.6,0.0,5.0,20,1779236689135.0,"自我接纳与成长,拖延与行动障碍",积极成长型
我也总是拖延，看了很多方法都没用，感觉需要有人盯着我才能动起来,negative,-2.0,0.0,0.0,31,1784527059138.0,"拖延与行动障碍,效率与工具","拖延挣扎型,教练学习者"
拖延的背后是恐惧，害怕失败所以迟迟不开始,negative,-4.0,0.0,1.0,20,1783268867385.0,"拖延与行动障碍,情绪与内耗",拖延挣扎型
最近最大的成长是学会了对自己说没关系，慢慢来,neutral,1.0,20.0,2.0,22,1782014779429.0,自我接纳与成长,积极成长型
习惯养成真的好难，前21天简直要命，但熬过去就好了,positive,3.2,5.0,0.0,25,1780332294823.0,自律与习惯,习惯崩盘型
人生没有白走的路，每一步都算数 共勉,neutral,0.0,0.0,0.0,18,1779691508878.0,,
从年目标倒推到日计划，这个方法帮我实现了年度flag 收藏了,positive,2.0,5.0,2.0,30,1783295358070.0,"目标与计划,效率与工具","方向迷茫型,教练学习者"
每天三个最重要的事，做完就收工，这个方法让我不再焦虑,neutral,-1.0,50.0,3.0,26,1779269216684.0,"自律与习惯,效率与工具,情绪与内耗","情绪内耗型,教练学习者"
坚持早起30天了，感觉整个人都不一样了，自律真的能改变人生,positive,5.2,0.0,0.0,29,1784541382407.0,"自律与习惯,自我接纳与成长",积极成长型
一个好的教练就像一面镜子，不评判不指责，只是温柔地让你看见自己。遇见她之后我才真正开始改变。,positive,5.2,6204.0,5.0,46,1783516397410.0,"教练方法与关系,自我接纳与成长,拖延与行动障碍","积极成长型,教练学习者"
花了钱才更珍惜，免费的课程根本不会听完,neutral,0.0,1.0,0.0,19,1781431850221.0,价值与价格,
拖延症晚期患者求拯救，明明知道该做什么就是不想动,neutral,-1.0,3.0,1.0,24,1784362490538.0,拖延与行动障碍,拖延挣扎型
做计划的时候激情满满，执行的时候各种理由推脱，我太难了,neutral,0.0,0.0,1.0,27,1781645041214.0,目标与计划,
道理都懂就是做不到，说的就是我本人了,neutral,0.0,3.0,3.0,18,1784002258104.0,,
有没有性价比高的教练推荐，想要被监督又不想花太多钱,neutral,1.0,100.0,3.0,25,1778391493496.0,"价值与价格,教练方法与关系",教练学习者
每次想做正事就开始拖延，刷手机刷到半夜然后自责，第二天又重复，怎么打破这个循环,negative,-2.0,1.0,0.0,39,1777699918453.0,拖延与行动障碍,拖延挣扎型
每天三个最重要的事，做完就收工，这个方法让我不再焦虑,neutral,-1.0,3.0,5.0,26,1777840288475.0,"自律与习惯,效率与工具,情绪与内耗","情绪内耗型,教练学习者"
允许自己停下来也是一种能力，我花了很久才学会,neutral,1.3,10.0,3.0,22,1780978956611.0,自我接纳与成长,
最近最大的成长是学会了对自己说没关系，慢慢来,neutral,1.0,1.0,0.0,22,1780330112117.0,自我接纳与成长,积极成长型
接纳自己的不完美才是治愈的开始,positive,2.0,1.0,0.0,15,1779570783850.0,"自我接纳与成长,拖延与行动障碍",
计划不用太完美，完成比完美更重要,neutral,1.3,0.0,0.0,16,1780236943600.0,目标与计划,
不要等到准备好了再开始，先做了再说，路是走出来的,neutral,1.3,0.0,0.0,24,1778874570458.0,拖延与行动障碍,
我也总是拖延，看了很多方法都没用，感觉需要有人盯着我才能动起来,negative,-2.0,50.0,0.0,31,1784587427374.0,"拖延与行动障碍,效率与工具","拖延挣扎型,教练学习者"
每天进步一点点，三个月回头看真的被自己惊讶到,neutral,1.3,0.0,2.0,22,1783265628438.0,"自律与习惯,自我接纳与成长",积极成长型
焦虑到失眠，感觉所有人都在前进只有我停在原地,neutral,-1.0,3.0,0.0,22,1782516602880.0,情绪与内耗,情绪内耗型
拖延不是懒，是完美主义在作祟，怕做不好所以不开始 共勉,negative,-2.0,1000.0,0.0,27,1777712270189.0,拖延与行动障碍,拖延挣扎型
拖延症晚期患者求拯救，明明知道该做什么就是不想动,neutral,-1.0,3.0,10.0,24,1779198343175.0,拖延与行动障碍,拖延挣扎型
自律不是靠意志力，是靠环境和习惯，把目标融入日常,positive,3.0,3.0,1.0,24,1781352434236.0,"自律与习惯,目标与计划","习惯崩盘型,方向迷茫型"
不会做计划怎么办，每次计划都做得太满然后完不成更挫败 同感,neutral,0.0,50.0,0.0,29,1783048644896.0,目标与计划,
每天被焦虑裹挟，明明很努力还是觉得不够好,neutral,0.0,0.0,0.0,20,1777881698610.0,"自律与习惯,情绪与内耗",情绪内耗型
焦虑到失眠，感觉所有人都在前进只有我停在原地,neutral,-1.0,3.0,0.0,22,1783331595377.0,情绪与内耗,情绪内耗型
拖延的背后是恐惧，害怕失败所以迟迟不开始,negative,-4.0,5.0,2.0,20,1780663831958.0,"拖延与行动障碍,情绪与内耗",拖延挣扎型
如果有一个AI教练每天在微信里提醒我打卡，我愿意付费 说的太对了,neutral,1.3,10.0,1.0,32,1780587683260.0,"教练方法与关系,自律与习惯,价值与价格","习惯崩盘型,教练学习者"
成长就是接纳自己的普通然后依然努力 共勉,positive,2.0,1.0,1.0,20,1784273034526.0,自我接纳与成长,积极成长型
做计划的时候激情满满，执行的时候各种理由推脱，我太难了 收藏了,neutral,0.0,3.0,1.0,31,1780739275580.0,目标与计划,
免费的东西往往最贵，好的服务值得付费,positive,2.6,0.0,0.0,18,1778118707920.0,价值与价格,
允许自己停下来也是一种能力，我花了很久才学会,neutral,1.3,3.0,1.0,22,1778428104631.0,自我接纳与成长,
免费的东西往往最贵，好的服务值得付费,positive,2.6,1.0,0.0,18,1781484007351.0,价值与价格,
一个好的coach真的能改变你的人生轨迹，感恩,positive,3.2,1.0,0.0,23,1782534332472.0,"教练方法与关系,自我接纳与成长","积极成长型,教练学习者"
找教练有用吗？价格不便宜但确实帮我突破了瓶颈,neutral,0.0,3.0,5.0,22,1779156702849.0,"教练方法与关系,价值与价格,自我接纳与成长","积极成长型,教练学习者"
最近最大的成长是学会了对自己说没关系，慢慢来,neutral,1.0,10.0,1.0,22,1778507503005.0,自我接纳与成长,积极成长型
AI教练真的能替代真人教练吗？感觉少了那种被理解的感觉,neutral,1.3,0.0,2.0,27,1785283559454.0,教练方法与关系,教练学习者
习惯养成真的好难，前21天简直要命，但熬过去就好了 共勉,positive,3.2,0.0,0.0,28,1781745775489.0,自律与习惯,习惯崩盘型
有没有性价比高的教练推荐，想要被监督又不想花太多钱,neutral,1.0,1.0,1.0,25,1784325746728.0,"价值与价格,教练方法与关系",教练学习者
允许自己停下来也是一种能力，我花了很久才学会,neutral,1.3,0.0,0.0,22,1779226960218.0,自我接纳与成长,
找教练有用吗？价格不便宜但确实帮我突破了瓶颈,neutral,0.0,5.0,1.0,22,1784212038200.0,"教练方法与关系,价值与价格,自我接纳与成长","积极成长型,教练学习者"
我也总是拖延，看了很多方法都没用，感觉需要有人盯着我才能动起来,negative,-2.0,1.0,5.0,31,1778220767978.0,"拖延与行动障碍,效率与工具","拖延挣扎型,教练学习者"
道理都懂就是做不到，说的就是我本人了,neutral,0.0,3.0,1.0,18,1778687518360.0,,
拖延症晚期患者求拯救，明明知道该做什么就是不想动,neutral,-1.0,10.0,0.0,24,1781175481335.0,拖延与行动障碍,拖延挣扎型
目标定了很多次都半途而废，现在学会了把大目标拆成小步骤,neutral,1.3,5.0,1.0,27,1777858788100.0,"目标与计划,拖延与行动障碍","拖延挣扎型,方向迷茫型"
拖延的背后是恐惧，害怕失败所以迟迟不开始,negative,-4.0,1.0,2.0,20,1777926647735.0,"拖延与行动障碍,情绪与内耗",拖延挣扎型
免费的东西往往最贵，好的服务值得付费,positive,2.6,1.0,0.0,18,1778022648226.0,价值与价格,
找教练有用吗？价格不便宜但确实帮我突破了瓶颈,neutral,0.0,50.0,1.0,22,1784710362792.0,"教练方法与关系,价值与价格,自我接纳与成长","积极成长型,教练学习者"
教练不是在给你答案，而是在帮你问对的问题,neutral,0.0,1.0,2.0,20,1781585101507.0,教练方法与关系,教练学习者
每天进步一点点，三个月回头看真的被自己惊讶到,neutral,1.3,0.0,0.0,22,1779804850918.0,"自律与习惯,自我接纳与成长",积极成长型
允许自己做自己，允许别人做别人 收藏了,positive,2.0,5.0,0.0,19,1784012175923.0,自我接纳与成长,
计划不用太完美，完成比完美更重要,neutral,1.3,0.0,0.0,16,1782884756257.0,目标与计划,
目标定了很多次都半途而废，现在学会了把大目标拆成小步骤,neutral,1.3,5.0,0.0,27,1784037993852.0,"目标与计划,拖延与行动障碍","拖延挣扎型,方向迷茫型"
最近最大的成长是学会了对自己说没关系，慢慢来,neutral,1.0,1.0,1.0,22,1778124014428.0,自我接纳与成长,积极成长型
人的改变真的是从接纳开始的，越抗拒越痛苦,positive,2.6,50.0,0.0,20,1784514848350.0,"自我接纳与成长,拖延与行动障碍",积极成长型
坚持早起30天了，感觉整个人都不一样了，自律真的能改变人生,positive,5.2,0.0,3.0,29,1778236490827.0,"自律与习惯,自我接纳与成长",积极成长型
允许自己停下来也是一种能力，我花了很久才学会 共勉,neutral,1.3,0.0,1.0,25,1780359965724.0,自我接纳与成长,
道理都懂就是做不到，说的就是我本人了,neutral,0.0,5.0,1.0,18,1778237747397.0,,
每天三个最重要的事，做完就收工，这个方法让我不再焦虑,neutral,-1.0,3.0,3.0,26,1779139834119.0,"自律与习惯,效率与工具,情绪与内耗","情绪内耗型,教练学习者"
拖延不是懒，是完美主义在作祟，怕做不好所以不开始 加油,negative,-2.0,0.0,0.0,27,1782483055385.0,拖延与行动障碍,拖延挣扎型
SMART原则真的有用，目标要具体可衡量才有执行力 加油,positive,2.6,1.0,0.0,28,1779955018250.0,"目标与计划,效率与工具,拖延与行动障碍",方向迷茫型
AI教练真的能替代真人教练吗？感觉少了那种被理解的感觉,neutral,1.3,3.0,0.0,27,1781685313250.0,教练方法与关系,教练学习者
抑郁情绪来的时候什么都不想做，这个时候不逼自己才是对的,neutral,-1.0,0.0,0.0,27,1782025096091.0,情绪与内耗,情绪内耗型
不要等到准备好了再开始，先做了再说，路是走出来的,neutral,1.3,100.0,2.0,24,1779197641510.0,拖延与行动障碍,
有没有好用的目标管理工具推荐，想要一个能每天提醒我的,positive,2.0,5.0,0.0,26,1778243315012.0,"目标与计划,效率与工具,自律与习惯",方向迷茫型
拖延症晚期患者求拯救，明明知道该做什么就是不想动,neutral,-1.0,50.0,0.0,24,1782189873760.0,拖延与行动障碍,拖延挣扎型
找教练有用吗？价格不便宜但确实帮我突破了瓶颈,neutral,0.0,0.0,2.0,22,1780628903064.0,"教练方法与关系,价值与价格,自我接纳与成长","积极成长型,教练学习者"
花了钱才更珍惜，免费的课程根本不会听完,neutral,0.0,1.0,0.0,19,1781701813459.0,价值与价格,
有没有人一起打卡互相监督，一个人真的坚持不下去 收藏了,positive,2.6,0.0,1.0,27,1781824195612.0,"自律与习惯,教练方法与关系",习惯崩盘型
自律不是靠意志力，是靠环境和习惯，把目标融入日常,positive,3.0,1.0,1.0,24,1781685978491.0,"自律与习惯,目标与计划","习惯崩盘型,方向迷茫型"
精神内耗太严重了，一天下来什么都没做却累得要死,neutral,-1.3,0.0,1.0,23,1782617940463.0,情绪与内耗,情绪内耗型
每天进步一点点，三个月回头看真的被自己惊讶到 说的太对了,positive,1.6,50.0,1.0,28,1782553286372.0,"自律与习惯,自我接纳与成长",积极成长型
允许自己停下来也是一种能力，我花了很久才学会,neutral,1.3,1.0,3.0,22,1779021240798.0,自我接纳与成长,
25岁之后开始觉醒，原来爱自己才是所有改变的基础,positive,3.0,0.0,2.0,24,1782244730619.0,"拖延与行动障碍,自我接纳与成长",积极成长型
教练不是在给你答案，而是在帮你问对的问题,neutral,0.0,1000.0,1.0,20,1778769846696.0,教练方法与关系,教练学习者
教练不是在给你答案，而是在帮你问对的问题 共勉,neutral,0.0,1.0,20.0,23,1785299647029.0,教练方法与关系,教练学习者
拖延的背后是恐惧，害怕失败所以迟迟不开始,negative,-4.0,0.0,2.0,20,1778545297636.0,"拖延与行动障碍,情绪与内耗",拖延挣扎型
最近最大的成长是学会了对自己说没关系，慢慢来,neutral,1.0,0.0,3.0,22,1784359987241.0,自我接纳与成长,积极成长型
每天三个最重要的事，做完就收工，这个方法让我不再焦虑,neutral,-1.0,0.0,3.0,26,1780693636852.0,"自律与习惯,效率与工具,情绪与内耗","情绪内耗型,教练学习者"
拖延症晚期患者求拯救，明明知道该做什么就是不想动,neutral,-1.0,0.0,1.0,24,1782872492234.0,拖延与行动障碍,拖延挣扎型
拖延的背后是恐惧，害怕失败所以迟迟不开始 收藏了,negative,-4.0,1.0,0.0,24,1781765286118.0,"拖延与行动障碍,情绪与内耗",拖延挣扎型
教练课程太贵了，一个月几千块真的负担不起,neutral,0.0,3.0,5.0,20,1785246851835.0,"教练方法与关系,价值与价格",教练学习者
人生没有白走的路，每一步都算数,neutral,0.0,0.0,0.0,15,1779188412668.0,,
如果有一个AI教练每天在微信里提醒我打卡，我愿意付费,neutral,1.0,3.0,0.0,26,1778866484813.0,"教练方法与关系,自律与习惯,价值与价格","习惯崩盘型,教练学习者"
接纳自己的不完美才是治愈的开始,positive,2.0,3.0,1.0,15,1784902873708.0,"自我接纳与成长,拖延与行动障碍",
有没有好用的目标管理工具推荐，想要一个能每天提醒我的,positive,2.0,0.0,1.0,26,1780936784932.0,"目标与计划,效率与工具,自律与习惯",方向迷茫型
抑郁情绪来的时候什么都不想做，这个时候不逼自己才是对的,neutral,-1.0,1.0,0.0,27,1780214065875.0,情绪与内耗,情绪内耗型
有没有性价比高的教练推荐，想要被监督又不想花太多钱,neutral,1.0,0.0,3.0,25,1778768893133.0,"价值与价格,教练方法与关系",教练学习者
允许自己做自己，允许别人做别人,positive,2.0,0.0,0.0,15,1783263588091.0,自我接纳与成长,
找一个搭子一起自律真的很重要，互相监督比一个人坚持容易太多了 加油,positive,3.2,1.0,3.0,33,1785249181404.0,"自律与习惯,教练方法与关系",
道理都懂就是做不到，说的就是我本人了,neutral,0.0,1.0,0.0,18,1777784443172.0,,
人生没有白走的路，每一步都算数,neutral,0.0,0.0,0.0,15,1779838932020.0,,
拖延症晚期患者求拯救，明明知道该做什么就是不想动 收藏了,neutral,-1.0,1.0,2.0,28,1785280492407.0,拖延与行动障碍,拖延挣扎型
精神内耗太严重了，一天下来什么都没做却累得要死,neutral,-1.3,1.0,0.0,23,1779189190008.0,情绪与内耗,情绪内耗型
拖延症晚期患者求拯救，明明知道该做什么就是不想动,neutral,-1.0,0.0,0.0,24,1778945123222.0,拖延与行动障碍,拖延挣扎型
坚持早起30天了，感觉整个人都不一样了，自律真的能改变人生,positive,5.2,5.0,1.0,29,1784404072496.0,"自律与习惯,自我接纳与成长",积极成长型
允许自己做自己，允许别人做别人,positive,2.0,1.0,2.0,15,1779512868285.0,自我接纳与成长,
允许自己停下来也是一种能力，我花了很久才学会 说的太对了,positive,1.6,1.0,10.0,28,1778476940388.0,自我接纳与成长,
如果有一个AI教练每天在微信里提醒我打卡，我愿意付费,neutral,1.0,3.0,3.0,26,1777805434855.0,"教练方法与关系,自律与习惯,价值与价格","习惯崩盘型,教练学习者"
不会做计划怎么办，每次计划都做得太满然后完不成更挫败,neutral,0.0,1.0,0.0,26,1783912513220.0,目标与计划,
自律不是靠意志力，是靠环境和习惯，把目标融入日常,positive,3.0,1.0,2.0,24,1781848248072.0,"自律与习惯,目标与计划","习惯崩盘型,方向迷茫型"
人生没有白走的路，每一步都算数,neutral,0.0,3.0,0.0,15,1778872290910.0,,
成长就是接纳自己的普通然后依然努力,positive,2.0,1.0,0.0,17,1782892211913.0,自我接纳与成长,积极成长型
人生没有白走的路，每一步都算数,neutral,0.0,5000.0,3.0,15,1781108381612.0,,
不会做计划怎么办，每次计划都做得太满然后完不成更挫败,neutral,0.0,0.0,3.0,26,1782745204565.0,目标与计划,
每次想做正事就开始拖延，刷手机刷到半夜然后自责，第二天又重复，怎么打破这个循环,negative,-2.0,3.0,0.0,39,1780895986515.0,拖延与行动障碍,拖延挣扎型
教练和心理咨询师的区别是什么？感觉教练更注重行动和未来,neutral,1.0,1.0,0.0,27,1778616483373.0,"教练方法与关系,拖延与行动障碍",教练学习者
教练和心理咨询师的区别是什么？感觉教练更注重行动和未来,neutral,1.0,0.0,1.0,27,1781141427688.0,"教练方法与关系,拖延与行动障碍",教练学习者
25岁之后开始觉醒，原来爱自己才是所有改变的基础,positive,3.0,3.0,0.0,24,1780025594998.0,"拖延与行动障碍,自我接纳与成长",积极成长型
不会做计划怎么办，每次计划都做得太满然后完不成更挫败,neutral,0.0,0.0,0.0,26,1777709054710.0,目标与计划,
25岁之后开始觉醒，原来爱自己才是所有改变的基础,positive,3.0,3.0,1.0,24,1777585313739.0,"拖延与行动障碍,自我接纳与成长",积极成长型
每天被焦虑裹挟，明明很努力还是觉得不够好,neutral,0.0,1.0,0.0,20,1778647168701.0,"自律与习惯,情绪与内耗",情绪内耗型
允许自己停下来也是一种能力，我花了很久才学会,neutral,1.3,1.0,2.0,22,1784928207935.0,自我接纳与成长,
我也总是拖延，看了很多方法都没用，感觉需要有人盯着我才能动起来,negative,-2.0,1.0,1.0,31,1782237016323.0,"拖延与行动障碍,效率与工具","拖延挣扎型,教练学习者"
自律不是靠意志力，是靠环境和习惯，把目标融入日常,positive,3.0,0.0,2.0,24,1782487620078.0,"自律与习惯,目标与计划","习惯崩盘型,方向迷茫型"
每天在群里打卡坚持了200天，从一个重度拖延症变成了行动派。不是因为我意志力变强了，而是因为我有了 accountability partner。,positive,2.0,2174.0,1.0,73,1782238442731.0,"自律与习惯,拖延与行动障碍","拖延挣扎型,习惯崩盘型"
人的改变真的是从接纳开始的，越抗拒越痛苦,positive,2.6,3.0,0.0,20,1777735905205.0,"自我接纳与成长,拖延与行动障碍",积极成长型
有没有人一起打卡互相监督，一个人真的坚持不下去 说的太对了,positive,3.2,0.0,1.0,29,1783960294470.0,"自律与习惯,教练方法与关系",习惯崩盘型
最近最大的成长是学会了对自己说没关系，慢慢来,neutral,1.0,0.0,3.0,22,1779352102835.0,自我接纳与成长,积极成长型
自律不是靠意志力，是靠环境和习惯，把目标融入日常,positive,3.0,0.0,1.0,24,1780474437492.0,"自律与习惯,目标与计划","习惯崩盘型,方向迷茫型"
焦虑到失眠，感觉所有人都在前进只有我停在原地,neutral,-1.0,20.0,3.0,22,1781212720002.0,情绪与内耗,情绪内耗型
25岁之后开始觉醒，原来爱自己才是所有改变的基础,positive,3.0,0.0,3.0,24,1778037580112.0,"拖延与行动障碍,自我接纳与成长",积极成长型
花了钱才更珍惜，免费的课程根本不会听完,neutral,0.0,1.0,5.0,19,1779039129005.0,价值与价格,
花了钱才更珍惜，免费的课程根本不会听完 收藏了,neutral,0.0,5.0,1.0,23,1782576551617.0,价值与价格,
找一个搭子一起自律真的很重要，互相监督比一个人坚持容易太多了,positive,3.2,10.0,20.0,30,1783148356682.0,"自律与习惯,教练方法与关系",
焦虑到失眠，感觉所有人都在前进只有我停在原地,neutral,-1.0,1.0,3.0,22,1783693015042.0,情绪与内耗,情绪内耗型
每天被焦虑裹挟，明明很努力还是觉得不够好,neutral,0.0,100.0,3.0,20,1779158983895.0,"自律与习惯,情绪与内耗",情绪内耗型
一个好的coach真的能改变你的人生轨迹，感恩,positive,3.2,3.0,1.0,23,1783876966557.0,"教练方法与关系,自我接纳与成长","积极成长型,教练学习者"
找一个搭子一起自律真的很重要，互相监督比一个人坚持容易太多了,positive,3.2,0.0,2.0,30,1782069117819.0,"自律与习惯,教练方法与关系",
每天三个最重要的事，做完就收工，这个方法让我不再焦虑,neutral,-1.0,1.0,0.0,26,1783397396105.0,"自律与习惯,效率与工具,情绪与内耗","情绪内耗型,教练学习者"
人生没有白走的路，每一步都算数,neutral,0.0,3.0,2.0,15,1784444691836.0,,
做计划的时候激情满满，执行的时候各种理由推脱，我太难了,neutral,0.0,1.0,0.0,27,1779310509269.0,目标与计划,
每次想做正事就开始拖延，刷手机刷到半夜然后自责，第二天又重复，怎么打破这个循环,negative,-2.0,3.0,1.0,39,1782787924904.0,拖延与行动障碍,拖延挣扎型
焦虑到失眠，感觉所有人都在前进只有我停在原地,neutral,-1.0,0.0,10.0,22,1782211276832.0,情绪与内耗,情绪内耗型
好的教练真的像一面镜子，让你看清自己看不到的盲区,positive,1.6,5.0,10.0,24,1779354943331.0,教练方法与关系,教练学习者
有没有人一起打卡互相监督，一个人真的坚持不下去,positive,2.6,20.0,1.0,23,1783437791586.0,"自律与习惯,教练方法与关系",习惯崩盘型
目标定了很多次都半途而废，现在学会了把大目标拆成小步骤 同感,neutral,1.3,0.0,3.0,30,1782354127686.0,"目标与计划,拖延与行动障碍","拖延挣扎型,方向迷茫型"
自律不是靠意志力，是靠环境和习惯，把目标融入日常 同感,positive,3.0,0.0,1.0,27,1779385733225.0,"自律与习惯,目标与计划","习惯崩盘型,方向迷茫型"
花了钱才更珍惜，免费的课程根本不会听完,neutral,0.0,1.0,0.0,19,1778008431697.0,价值与价格,
允许自己做自己，允许别人做别人 同感,positive,2.0,0.0,5.0,18,1783477302753.0,自我接纳与成长,
每天三个最重要的事，做完就收工，这个方法让我不再焦虑,neutral,-1.0,3.0,0.0,26,1778579487863.0,"自律与习惯,效率与工具,情绪与内耗","情绪内耗型,教练学习者"
有没有性价比高的教练推荐，想要被监督又不想花太多钱,neutral,1.0,0.0,0.0,25,1784391735293.0,"价值与价格,教练方法与关系",教练学习者
每天被焦虑裹挟，明明很努力还是觉得不够好,neutral,0.0,1.0,1.0,20,1782075098659.0,"自律与习惯,情绪与内耗",情绪内耗型
焦虑到失眠，感觉所有人都在前进只有我停在原地,neutral,-1.0,1.0,0.0,22,1778191185546.0,情绪与内耗,情绪内耗型
遇到了一个很好的教练，她总是不评判我，只是耐心地听我说然后问我问题 共勉,positive,1.6,1.0,0.0,36,1784587717408.0,教练方法与关系,教练学习者
找教练有用吗？价格不便宜但确实帮我突破了瓶颈,neutral,0.0,10.0,5.0,22,1783926627534.0,"教练方法与关系,价值与价格,自我接纳与成长","积极成长型,教练学习者"
人生没有白走的路，每一步都算数,neutral,0.0,0.0,3.0,15,1783105234405.0,,
做计划的时候激情满满，执行的时候各种理由推脱，我太难了,neutral,0.0,1.0,0.0,27,1779282121444.0,目标与计划,
接纳自己的不完美才是治愈的开始,positive,2.0,5.0,0.0,15,1779916773414.0,"自我接纳与成长,拖延与行动障碍",
每天三个最重要的事，做完就收工，这个方法让我不再焦虑,neutral,-1.0,20.0,2.0,26,1780499625419.0,"自律与习惯,效率与工具,情绪与内耗","情绪内耗型,教练学习者"
焦虑到失眠，感觉所有人都在前进只有我停在原地,neutral,-1.0,1.0,0.0,22,1778987459503.0,情绪与内耗,情绪内耗型
找教练有用吗？价格不便宜但确实帮我突破了瓶颈 同感,neutral,0.0,1.0,5.0,25,1777722486543.0,"教练方法与关系,价值与价格,自我接纳与成长","积极成长型,教练学习者"
坚持早起30天了，感觉整个人都不一样了，自律真的能改变人生,positive,5.2,3.0,3.0,29,1778590491541.0,"自律与习惯,自我接纳与成长",积极成长型
最近最大的成长是学会了对自己说没关系，慢慢来,neutral,1.0,0.0,1.0,22,1783285805786.0,自我接纳与成长,积极成长型
人生没有白走的路，每一步都算数,neutral,0.0,5.0,1.0,15,1783123830744.0,,
一个好的教练就像一面镜子，不评判不指责，只是温柔地让你看见自己。遇见她之后我才真正开始改变。,positive,5.2,2404.0,0.0,46,1784990475959.0,"教练方法与关系,自我接纳与成长,拖延与行动障碍","积极成长型,教练学习者"
精神内耗太严重了，一天下来什么都没做却累得要死 共勉,neutral,-1.3,0.0,3.0,26,1778012112516.0,情绪与内耗,情绪内耗型
拖延的背后是恐惧，害怕失败所以迟迟不开始,negative,-4.0,1.0,0.0,20,1779548785576.0,"拖延与行动障碍,情绪与内耗",拖延挣扎型
花了钱才更珍惜，免费的课程根本不会听完 收藏了,neutral,0.0,5.0,1.0,23,1785017672549.0,价值与价格,
内耗的本质是自我攻击，学会对自己温柔一点,neutral,0.0,1.0,0.0,20,1778549410729.0,情绪与内耗,情绪内耗型
好的教练真的像一面镜子，让你看清自己看不到的盲区 加油,positive,1.6,1.0,20.0,27,1784438079636.0,教练方法与关系,教练学习者
从年目标倒推到日计划，这个方法帮我实现了年度flag,positive,2.0,10.0,0.0,26,1779446831755.0,"目标与计划,效率与工具","方向迷茫型,教练学习者"
最近最大的成长是学会了对自己说没关系，慢慢来,neutral,1.0,1.0,0.0,22,1781604111705.0,自我接纳与成长,积极成长型
自律打卡第100天，从一个摆烂的人变成现在的自己，感谢那个没放弃的我 同感,neutral,1.0,1.0,1.0,37,1778923160629.0,自律与习惯,习惯崩盘型
成长就是接纳自己的普通然后依然努力 收藏了,positive,2.0,3.0,0.0,21,1783060358969.0,自我接纳与成长,积极成长型
每天三个最重要的事，做完就收工，这个方法让我不再焦虑 收藏了,neutral,-1.0,3.0,0.0,30,1781891791067.0,"自律与习惯,效率与工具,情绪与内耗","情绪内耗型,教练学习者"
自律打卡第100天，从一个摆烂的人变成现在的自己，感谢那个没放弃的我,neutral,1.0,0.0,0.0,34,1778771851247.0,自律与习惯,习惯崩盘型
SMART原则真的有用，目标要具体可衡量才有执行力,positive,2.6,1.0,1.0,25,1785118244052.0,"目标与计划,效率与工具,拖延与行动障碍",方向迷茫型
成长就是接纳自己的普通然后依然努力 同感,positive,2.0,10.0,10.0,20,1777682926318.0,自我接纳与成长,积极成长型
AI教练真的能替代真人教练吗？感觉少了那种被理解的感觉,neutral,1.3,1.0,0.0,27,1781081546206.0,教练方法与关系,教练学习者
遇到了一个很好的教练，她总是不评判我，只是耐心地听我说然后问我问题,positive,1.6,3.0,2.0,33,1784219783547.0,教练方法与关系,教练学习者
好的教练真的像一面镜子，让你看清自己看不到的盲区,positive,1.6,10.0,3.0,24,1778611273809.0,教练方法与关系,教练学习者
计划不用太完美，完成比完美更重要,neutral,1.3,10.0,1.0,16,1778865715156.0,目标与计划,
教练和心理咨询师的区别是什么？感觉教练更注重行动和未来,neutral,1.0,1.0,0.0,27,1779626227466.0,"教练方法与关系,拖延与行动障碍",教练学习者
遇到了一个很好的教练，她总是不评判我，只是耐心地听我说然后问我问题,positive,1.6,0.0,2.0,33,1783396139471.0,教练方法与关系,教练学习者
每次想做正事就开始拖延，刷手机刷到半夜然后自责，第二天又重复，怎么打破这个循环,negative,-2.0,3.0,2.0,39,1780925396519.0,拖延与行动障碍,拖延挣扎型
有没有人一起打卡互相监督，一个人真的坚持不下去 收藏了,positive,2.6,1.0,0.0,27,1782020469031.0,"自律与习惯,教练方法与关系",习惯崩盘型
拖延不是懒，是完美主义在作祟，怕做不好所以不开始 加油,negative,-2.0,10.0,0.0,27,1779634391596.0,拖延与行动障碍,拖延挣扎型
找一个搭子一起自律真的很重要，互相监督比一个人坚持容易太多了,positive,3.2,20.0,0.0,30,1783195581783.0,"自律与习惯,教练方法与关系",
道理都懂就是做不到，说的就是我本人了,neutral,0.0,1.0,2.0,18,1785309442162.0,,
每天进步一点点，三个月回头看真的被自己惊讶到,neutral,1.3,0.0,1.0,22,1781581565995.0,"自律与习惯,自我接纳与成长",积极成长型
好的教练真的像一面镜子，让你看清自己看不到的盲区,positive,1.6,3.0,0.0,24,1779782800104.0,教练方法与关系,教练学习者
目标定了很多次都半途而废，现在学会了把大目标拆成小步骤 说的太对了,positive,1.6,5.0,0.0,33,1778382009054.0,"目标与计划,拖延与行动障碍","拖延挣扎型,方向迷茫型"
如果有一个AI教练每天在微信里提醒我打卡，我愿意付费,neutral,1.0,3.0,1.0,26,1784574628912.0,"教练方法与关系,自律与习惯,价值与价格","习惯崩盘型,教练学习者"
抑郁情绪来的时候什么都不想做，这个时候不逼自己才是对的,neutral,-1.0,100.0,1.0,27,1780266581086.0,情绪与内耗,情绪内耗型
道理都懂就是做不到，说的就是我本人了,neutral,0.0,20.0,3.0,18,1781364775473.0,,
自律不是靠意志力，是靠环境和习惯，把目标融入日常,positive,3.0,1.0,0.0,24,1781265776148.0,"自律与习惯,目标与计划","习惯崩盘型,方向迷茫型"
从年目标倒推到日计划，这个方法帮我实现了年度flag,positive,2.0,3.0,0.0,26,1781243680729.0,"目标与计划,效率与工具","方向迷茫型,教练学习者"
教练不是在给你答案，而是在帮你问对的问题,neutral,0.0,3.0,1.0,20,1778068059135.0,教练方法与关系,教练学习者
接纳自己的不完美才是治愈的开始 加油,positive,2.0,10.0,1.0,18,1782807232185.0,"自我接纳与成长,拖延与行动障碍",
有没有性价比高的教练推荐，想要被监督又不想花太多钱,neutral,1.0,3.0,1.0,25,1783762257955.0,"价值与价格,教练方法与关系",教练学习者
允许自己停下来也是一种能力，我花了很久才学会,neutral,1.3,3.0,1.0,22,1778921187584.0,自我接纳与成长,
教练课程太贵了，一个月几千块真的负担不起 同感,neutral,0.0,0.0,2.0,23,1785260260545.0,"教练方法与关系,价值与价格",教练学习者
拖延症晚期患者求拯救，明明知道该做什么就是不想动,neutral,-1.0,1.0,0.0,24,1778826230338.0,拖延与行动障碍,拖延挣扎型
拖延的背后是恐惧，害怕失败所以迟迟不开始,negative,-4.0,0.0,0.0,20,1777751966125.0,"拖延与行动障碍,情绪与内耗",拖延挣扎型
成长就是接纳自己的普通然后依然努力,positive,2.0,5.0,0.0,17,1779188333267.0,自我接纳与成长,积极成长型
每天被焦虑裹挟，明明很努力还是觉得不够好,neutral,0.0,0.0,1.0,20,1782127963346.0,"自律与习惯,情绪与内耗",情绪内耗型
做计划的时候激情满满，执行的时候各种理由推脱，我太难了 加油,neutral,0.0,1.0,0.0,30,1777852716269.0,目标与计划,
遇到了一个很好的教练，她总是不评判我，只是耐心地听我说然后问我问题,positive,1.6,3.0,1.0,33,1783543066744.0,教练方法与关系,教练学习者
拖延不是懒，是完美主义在作祟，怕做不好所以不开始 共勉,negative,-2.0,3.0,0.0,27,1782321152961.0,拖延与行动障碍,拖延挣扎型
焦虑到失眠，感觉所有人都在前进只有我停在原地 加油,neutral,-1.0,3.0,1.0,25,1778534242093.0,情绪与内耗,情绪内耗型
拖延不是懒，是完美主义在作祟，怕做不好所以不开始,negative,-2.0,1.0,0.0,24,1784832185926.0,拖延与行动障碍,拖延挣扎型
有没有性价比高的教练推荐，想要被监督又不想花太多钱,neutral,1.0,0.0,2.0,25,1782114446657.0,"价值与价格,教练方法与关系",教练学习者
拖延的背后是恐惧，害怕失败所以迟迟不开始 共勉,negative,-4.0,3.0,0.0,23,1779955231581.0,"拖延与行动障碍,情绪与内耗",拖延挣扎型
有没有人一起打卡互相监督，一个人真的坚持不下去,positive,2.6,0.0,2.0,23,1785012172976.0,"自律与习惯,教练方法与关系",习惯崩盘型
如果有一个AI教练每天在微信里提醒我打卡，我愿意付费,neutral,1.0,0.0,2.0,26,1782401903759.0,"教练方法与关系,自律与习惯,价值与价格","习惯崩盘型,教练学习者"
有没有性价比高的教练推荐，想要被监督又不想花太多钱,neutral,1.0,3.0,0.0,25,1784753212939.0,"价值与价格,教练方法与关系",教练学习者
拖延的背后是恐惧，害怕失败所以迟迟不开始,negative,-4.0,1.0,2.0,20,1778758669879.0,"拖延与行动障碍,情绪与内耗",拖延挣扎型
AI教练真的能替代真人教练吗？感觉少了那种被理解的感觉,neutral,1.3,0.0,3.0,27,1778062684623.0,教练方法与关系,教练学习者
每天三个最重要的事，做完就收工，这个方法让我不再焦虑,neutral,-1.0,0.0,2.0,26,1781755647781.0,"自律与习惯,效率与工具,情绪与内耗","情绪内耗型,教练学习者"
做计划的时候激情满满，执行的时候各种理由推脱，我太难了,neutral,0.0,0.0,0.0,27,1780146072859.0,目标与计划,
做计划的时候激情满满，执行的时候各种理由推脱，我太难了,neutral,0.0,1.0,1.0,27,1784306928205.0,目标与计划,
人生没有白走的路，每一步都算数,neutral,0.0,3.0,5.0,15,1780262076833.0,,
坚持早起30天了，感觉整个人都不一样了，自律真的能改变人生,positive,5.2,5.0,0.0,29,1779684445630.0,"自律与习惯,自我接纳与成长",积极成长型
一个好的coach真的能改变你的人生轨迹，感恩,positive,3.2,1.0,3.0,23,1783880647316.0,"教练方法与关系,自我接纳与成长","积极成长型,教练学习者"
每天在群里打卡坚持了200天，从一个重度拖延症变成了行动派。不是因为我意志力变强了，而是因为我有了 accountability partner。,positive,2.0,3101.0,5.0,73,1784729872292.0,"自律与习惯,拖延与行动障碍","拖延挣扎型,习惯崩盘型"
好的教练真的像一面镜子，让你看清自己看不到的盲区,positive,1.6,5.0,0.0,24,1784739102778.0,教练方法与关系,教练学习者
教练课程太贵了，一个月几千块真的负担不起 同感,neutral,0.0,5.0,5.0,23,1783399057454.0,"教练方法与关系,价值与价格",教练学习者
成长就是接纳自己的普通然后依然努力 共勉,positive,2.0,50.0,2.0,20,1777757605727.0,自我接纳与成长,积极成长型
25岁之后开始觉醒，原来爱自己才是所有改变的基础,positive,3.0,1.0,5.0,24,1781636218223.0,"拖延与行动障碍,自我接纳与成长",积极成长型
好的教练真的像一面镜子，让你看清自己看不到的盲区,positive,1.6,1.0,3.0,24,1780944980463.0,教练方法与关系,教练学习者
允许自己做自己，允许别人做别人,positive,2.0,10.0,1.0,15,1781910699364.0,自我接纳与成长,
AI教练真的能替代真人教练吗？感觉少了那种被理解的感觉,neutral,1.3,0.0,1.0,27,1783926474404.0,教练方法与关系,教练学习者
目标定了很多次都半途而废，现在学会了把大目标拆成小步骤,neutral,1.3,0.0,0.0,27,1783084684568.0,"目标与计划,拖延与行动障碍","拖延挣扎型,方向迷茫型"
找教练有用吗？价格不便宜但确实帮我突破了瓶颈,neutral,0.0,0.0,0.0,22,1781309732676.0,"教练方法与关系,价值与价格,自我接纳与成长","积极成长型,教练学习者"
成长就是接纳自己的普通然后依然努力,positive,2.0,5.0,3.0,17,1779235714711.0,自我接纳与成长,积极成长型
SMART原则真的有用，目标要具体可衡量才有执行力,positive,2.6,0.0,0.0,25,1779040383418.0,"目标与计划,效率与工具,拖延与行动障碍",方向迷茫型
一个好的coach真的能改变你的人生轨迹，感恩,positive,3.2,100.0,3.0,23,1783096603625.0,"教练方法与关系,自我接纳与成长","积极成长型,教练学习者"
允许自己停下来也是一种能力，我花了很久才学会,neutral,1.3,20.0,0.0,22,1781400167356.0,自我接纳与成长,
人生没有白走的路，每一步都算数,neutral,0.0,1.0,5.0,15,1784912285913.0,,
做计划的时候激情满满，执行的时候各种理由推脱，我太难了,neutral,0.0,0.0,0.0,27,1778565215814.0,目标与计划,
拖延症晚期患者求拯救，明明知道该做什么就是不想动,neutral,-1.0,5.0,2.0,24,1782517427473.0,拖延与行动障碍,拖延挣扎型
每天进步一点点，三个月回头看真的被自己惊讶到,neutral,1.3,3.0,10.0,22,1779700357885.0,"自律与习惯,自我接纳与成长",积极成长型
成长就是接纳自己的普通然后依然努力,positive,2.0,1.0,1.0,17,1777758343797.0,自我接纳与成长,积极成长型
每天被焦虑裹挟，明明很努力还是觉得不够好,neutral,0.0,20.0,0.0,20,1783990002967.0,"自律与习惯,情绪与内耗",情绪内耗型
AI教练真的能替代真人教练吗？感觉少了那种被理解的感觉,neutral,1.3,0.0,0.0,27,1782344026295.0,教练方法与关系,教练学习者
每天三个最重要的事，做完就收工，这个方法让我不再焦虑,neutral,-1.0,5000.0,1.0,26,1783329310987.0,"自律与习惯,效率与工具,情绪与内耗","情绪内耗型,教练学习者"
焦虑到失眠，感觉所有人都在前进只有我停在原地,neutral,-1.0,0.0,3.0,22,1784687356962.0,情绪与内耗,情绪内耗型
允许自己做自己，允许别人做别人 说的太对了,positive,2.6,0.0,0.0,21,1782116952435.0,自我接纳与成长,
花了钱才更珍惜，免费的课程根本不会听完,neutral,0.0,0.0,1.0,19,1779758023132.0,价值与价格,
焦虑到失眠，感觉所有人都在前进只有我停在原地,neutral,-1.0,3.0,0.0,22,1780284381116.0,情绪与内耗,情绪内耗型
免费的东西往往最贵，好的服务值得付费 收藏了,positive,2.6,3.0,0.0,22,1779679045509.0,价值与价格,
目标定了很多次都半途而废，现在学会了把大目标拆成小步骤,neutral,1.3,1.0,1.0,27,1782927105291.0,"目标与计划,拖延与行动障碍","拖延挣扎型,方向迷茫型"
允许自己停下来也是一种能力，我花了很久才学会 说的太对了,positive,1.6,0.0,1.0,28,1778062593759.0,自我接纳与成长,
最近最大的成长是学会了对自己说没关系，慢慢来,neutral,1.0,3.0,0.0,22,1778395524147.0,自我接纳与成长,积极成长型
有没有性价比高的教练推荐，想要被监督又不想花太多钱,neutral,1.0,0.0,1.0,25,1783466098642.0,"价值与价格,教练方法与关系",教练学习者
自律打卡第100天，从一个摆烂的人变成现在的自己，感谢那个没放弃的我 收藏了,neutral,1.0,0.0,1.0,38,1784880360448.0,自律与习惯,习惯崩盘型
不会做计划怎么办，每次计划都做得太满然后完不成更挫败,neutral,0.0,0.0,1.0,26,1778221084043.0,目标与计划,
一个好的coach真的能改变你的人生轨迹，感恩,positive,3.2,3.0,0.0,23,1777720667853.0,"教练方法与关系,自我接纳与成长","积极成长型,教练学习者"
有没有好用的目标管理工具推荐，想要一个能每天提醒我的,positive,2.0,50.0,0.0,26,1778478531689.0,"目标与计划,效率与工具,自律与习惯",方向迷茫型
允许自己做自己，允许别人做别人,positive,2.0,20.0,0.0,15,1781970553950.0,自我接纳与成长,
有没有人一起打卡互相监督，一个人真的坚持不下去,positive,2.6,0.0,5.0,23,1780140160901.0,"自律与习惯,教练方法与关系",习惯崩盘型
教练和心理咨询师的区别是什么？感觉教练更注重行动和未来,neutral,1.0,0.0,0.0,27,1781382282013.0,"教练方法与关系,拖延与行动障碍",教练学习者
自律不是靠意志力，是靠环境和习惯，把目标融入日常,positive,3.0,0.0,5.0,24,1781564723849.0,"自律与习惯,目标与计划","习惯崩盘型,方向迷茫型"
有没有性价比高的教练推荐，想要被监督又不想花太多钱,neutral,1.0,20.0,0.0,25,1778404294493.0,"价值与价格,教练方法与关系",教练学习者
25岁之后开始觉醒，原来爱自己才是所有改变的基础,positive,3.0,10.0,1.0,24,1784802305077.0,"拖延与行动障碍,自我接纳与成长",积极成长型
允许自己停下来也是一种能力，我花了很久才学会,neutral,1.3,0.0,1.0,22,1780909275585.0,自我接纳与成长,
道理都懂就是做不到，说的就是我本人了,neutral,0.0,1.0,10.0,18,1779926034222.0,,
25岁之后开始觉醒，原来爱自己才是所有改变的基础,positive,3.0,10.0,1.0,24,1783962947522.0,"拖延与行动障碍,自我接纳与成长",积极成长型
不会做计划怎么办，每次计划都做得太满然后完不成更挫败,neutral,0.0,0.0,2.0,26,1784530856687.0,目标与计划,
拖延的背后是恐惧，害怕失败所以迟迟不开始,negative,-4.0,500.0,1.0,20,1781840290609.0,"拖延与行动障碍,情绪与内耗",拖延挣扎型
有没有好用的目标管理工具推荐，想要一个能每天提醒我的,positive,2.0,0.0,3.0,26,1784130250010.0,"目标与计划,效率与工具,自律与习惯",方向迷茫型
花了钱才更珍惜，免费的课程根本不会听完,neutral,0.0,0.0,0.0,19,1779510289713.0,价值与价格,
教练不是在给你答案，而是在帮你问对的问题 同感,neutral,0.0,1.0,0.0,23,1784447955628.0,教练方法与关系,教练学习者
遇到了一个很好的教练，她总是不评判我，只是耐心地听我说然后问我问题,positive,1.6,1.0,0.0,33,1784123035926.0,教练方法与关系,教练学习者
每天进步一点点，三个月回头看真的被自己惊讶到 同感,neutral,1.3,1.0,0.0,25,1785177326928.0,"自律与习惯,自我接纳与成长",积极成长型
自律打卡第100天，从一个摆烂的人变成现在的自己，感谢那个没放弃的我 收藏了,neutral,1.0,1.0,1.0,38,1779606766762.0,自律与习惯,习惯崩盘型
免费的东西往往最贵，好的服务值得付费 收藏了,positive,2.6,1.0,1.0,22,1780825272398.0,价值与价格,
目标定了很多次都半途而废，现在学会了把大目标拆成小步骤,neutral,1.3,1.0,0.0,27,1784812748329.0,"目标与计划,拖延与行动障碍","拖延挣扎型,方向迷茫型"
不会做计划怎么办，每次计划都做得太满然后完不成更挫败,neutral,0.0,3.0,0.0,26,1780898969286.0,目标与计划,
找一个搭子一起自律真的很重要，互相监督比一个人坚持容易太多了 收藏了,positive,3.2,0.0,0.0,34,1777713292888.0,"自律与习惯,教练方法与关系",
SMART原则真的有用，目标要具体可衡量才有执行力,positive,2.6,100.0,2.0,25,1778693505975.0,"目标与计划,效率与工具,拖延与行动障碍",方向迷茫型
拖延症晚期患者求拯救，明明知道该做什么就是不想动 共勉,neutral,-1.0,10.0,1.0,27,1783702790174.0,拖延与行动障碍,拖延挣扎型
坚持早起30天了，感觉整个人都不一样了，自律真的能改变人生 说的太对了,positive,6.4,0.0,0.0,35,1777578556669.0,"自律与习惯,自我接纳与成长",积极成长型
允许自己停下来也是一种能力，我花了很久才学会,neutral,1.3,1.0,2.0,22,1780096629153.0,自我接纳与成长,
目标定了很多次都半途而废，现在学会了把大目标拆成小步骤,neutral,1.3,50.0,1.0,27,1783099449433.0,"目标与计划,拖延与行动障碍","拖延挣扎型,方向迷茫型"
教练课程太贵了，一个月几千块真的负担不起,neutral,0.0,1.0,1.0,20,1783771748572.0,"教练方法与关系,价值与价格",教练学习者
目标定了很多次都半途而废，现在学会了把大目标拆成小步骤,neutral,1.3,10.0,3.0,27,1779718178067.0,"目标与计划,拖延与行动障碍","拖延挣扎型,方向迷茫型"
一个好的教练就像一面镜子，不评判不指责，只是温柔地让你看见自己。遇见她之后我才真正开始改变。,positive,5.2,3104.0,10.0,46,1781816241755.0,"教练方法与关系,自我接纳与成长,拖延与行动障碍","积极成长型,教练学习者"
做计划的时候激情满满，执行的时候各种理由推脱，我太难了 收藏了,neutral,0.0,10.0,3.0,31,1782916325155.0,目标与计划,
自律打卡第100天，从一个摆烂的人变成现在的自己，感谢那个没放弃的我,neutral,1.0,0.0,2.0,34,1779466826946.0,自律与习惯,习惯崩盘型
找教练有用吗？价格不便宜但确实帮我突破了瓶颈,neutral,0.0,50.0,3.0,22,1784570162963.0,"教练方法与关系,价值与价格,自我接纳与成长","积极成长型,教练学习者"
焦虑到失眠，感觉所有人都在前进只有我停在原地,neutral,-1.0,1.0,1.0,22,1777892642041.0,情绪与内耗,情绪内耗型
焦虑到失眠，感觉所有人都在前进只有我停在原地,neutral,-1.0,10.0,0.0,22,1781565308729.0,情绪与内耗,情绪内耗型
人生没有白走的路，每一步都算数,neutral,0.0,1.0,2.0,15,1784953295204.0,,
免费的东西往往最贵，好的服务值得付费 同感,positive,2.6,5.0,0.0,21,1778575806674.0,价值与价格,
内耗的本质是自我攻击，学会对自己温柔一点,neutral,0.0,3.0,0.0,20,1783827489289.0,情绪与内耗,情绪内耗型
抑郁情绪来的时候什么都不想做，这个时候不逼自己才是对的 同感,neutral,-1.0,3.0,5.0,30,1777850445607.0,情绪与内耗,情绪内耗型
不会做计划怎么办，每次计划都做得太满然后完不成更挫败 加油,neutral,0.0,0.0,1.0,29,1784446232475.0,目标与计划,
人生没有白走的路，每一步都算数,neutral,0.0,5.0,0.0,15,1781387770471.0,,
25岁之后开始觉醒，原来爱自己才是所有改变的基础,positive,3.0,0.0,0.0,24,1778296193656.0,"拖延与行动障碍,自我接纳与成长",积极成长型
25岁之后开始觉醒，原来爱自己才是所有改变的基础,positive,3.0,1.0,0.0,24,1779740131969.0,"拖延与行动障碍,自我接纳与成长",积极成长型
每天在群里打卡坚持了200天，从一个重度拖延症变成了行动派。不是因为我意志力变强了，而是因为我有了 accountability partner。,positive,2.0,2436.0,20.0,73,1783125619836.0,"自律与习惯,拖延与行动障碍","拖延挣扎型,习惯崩盘型"
拖延的背后是恐惧，害怕失败所以迟迟不开始,negative,-4.0,10.0,0.0,20,1785276820703.0,"拖延与行动障碍,情绪与内耗",拖延挣扎型
免费的东西往往最贵，好的服务值得付费,positive,2.6,0.0,2.0,18,1781748080681.0,价值与价格,
拖延症晚期患者求拯救，明明知道该做什么就是不想动,neutral,-1.0,0.0,0.0,24,1778753266178.0,拖延与行动障碍,拖延挣扎型
允许自己停下来也是一种能力，我花了很久才学会,neutral,1.3,0.0,1.0,22,1784532104811.0,自我接纳与成长,
做计划的时候激情满满，执行的时候各种理由推脱，我太难了,neutral,0.0,100.0,1.0,27,1781002627936.0,目标与计划,
目标定了很多次都半途而废，现在学会了把大目标拆成小步骤,neutral,1.3,10.0,0.0,27,1777586229110.0,"目标与计划,拖延与行动障碍","拖延挣扎型,方向迷茫型"
自律不是靠意志力，是靠环境和习惯，把目标融入日常,positive,3.0,3.0,0.0,24,1780810803071.0,"自律与习惯,目标与计划","习惯崩盘型,方向迷茫型"
有没有好用的目标管理工具推荐，想要一个能每天提醒我的 同感,positive,2.0,10.0,0.0,29,1782932928172.0,"目标与计划,效率与工具,自律与习惯",方向迷茫型
拖延的背后是恐惧，害怕失败所以迟迟不开始 加油,negative,-4.0,1.0,0.0,23,1782041824297.0,"拖延与行动障碍,情绪与内耗",拖延挣扎型
人的改变真的是从接纳开始的，越抗拒越痛苦 说的太对了,positive,3.2,1.0,0.0,26,1783862444836.0,"自我接纳与成长,拖延与行动障碍",积极成长型
花了钱才更珍惜，免费的课程根本不会听完,neutral,0.0,0.0,0.0,19,1784914715081.0,价值与价格,
允许自己停下来也是一种能力，我花了很久才学会 收藏了,neutral,1.3,0.0,2.0,26,1781675570552.0,自我接纳与成长,
焦虑到失眠，感觉所有人都在前进只有我停在原地,neutral,-1.0,0.0,1.0,22,1778331957578.0,情绪与内耗,情绪内耗型
允许自己停下来也是一种能力，我花了很久才学会 收藏了,neutral,1.3,50.0,3.0,26,1783988530153.0,自我接纳与成长,
有没有性价比高的教练推荐，想要被监督又不想花太多钱 同感,neutral,1.0,20.0,2.0,28,1784702319526.0,"价值与价格,教练方法与关系",教练学习者
目标定了很多次都半途而废，现在学会了把大目标拆成小步骤,neutral,1.3,0.0,10.0,27,1784242724449.0,"目标与计划,拖延与行动障碍","拖延挣扎型,方向迷茫型"
内耗的本质是自我攻击，学会对自己温柔一点 说的太对了,neutral,0.0,3.0,1.0,26,1783172512812.0,情绪与内耗,情绪内耗型
人生没有白走的路，每一步都算数,neutral,0.0,1.0,0.0,15,1782734003135.0,,
目标定了很多次都半途而废，现在学会了把大目标拆成小步骤,neutral,1.3,0.0,2.0,27,1783499622247.0,"目标与计划,拖延与行动障碍","拖延挣扎型,方向迷茫型"
成长就是接纳自己的普通然后依然努力,positive,2.0,0.0,0.0,17,1781641872220.0,自我接纳与成长,积极成长型
计划不用太完美，完成比完美更重要,neutral,1.3,1.0,1.0,16,1779784372772.0,目标与计划,
花了钱才更珍惜，免费的课程根本不会听完,neutral,0.0,1.0,3.0,19,1783458732457.0,价值与价格,
成长就是接纳自己的普通然后依然努力,positive,2.0,0.0,1.0,17,1780973400919.0,自我接纳与成长,积极成长型
计划不用太完美，完成比完美更重要,neutral,1.3,0.0,0.0,16,1783313535527.0,目标与计划,
接纳自己的不完美才是治愈的开始 同感,positive,2.0,0.0,0.0,18,1779561865900.0,"自我接纳与成长,拖延与行动障碍",
每天三个最重要的事，做完就收工，这个方法让我不再焦虑,neutral,-1.0,1.0,1.0,26,1780783124980.0,"自律与习惯,效率与工具,情绪与内耗","情绪内耗型,教练学习者"
拖延不是懒，是完美主义在作祟，怕做不好所以不开始,negative,-2.0,0.0,0.0,24,1784935812825.0,拖延与行动障碍,拖延挣扎型
不要等到准备好了再开始，先做了再说，路是走出来的,neutral,1.3,1.0,0.0,24,1779591171088.0,拖延与行动障碍,
做计划的时候激情满满，执行的时候各种理由推脱，我太难了,neutral,0.0,1.0,0.0,27,1785087122109.0,目标与计划,
免费的东西往往最贵，好的服务值得付费,positive,2.6,1.0,1.0,18,1779649806082.0,价值与价格,
每天被焦虑裹挟，明明很努力还是觉得不够好 说的太对了,neutral,0.0,1.0,0.0,26,1779066045506.0,"自律与习惯,情绪与内耗",情绪内耗型
遇到了一个很好的教练，她总是不评判我，只是耐心地听我说然后问我问题,positive,1.6,1.0,1.0,33,1777613386340.0,教练方法与关系,教练学习者
如果有一个AI教练每天在微信里提醒我打卡，我愿意付费 说的太对了,neutral,1.3,0.0,0.0,32,1780262212298.0,"教练方法与关系,自律与习惯,价值与价格","习惯崩盘型,教练学习者"
精神内耗太严重了，一天下来什么都没做却累得要死,neutral,-1.3,0.0,0.0,23,1780862821786.0,情绪与内耗,情绪内耗型
成长就是接纳自己的普通然后依然努力,positive,2.0,1000.0,2.0,17,1779135946545.0,自我接纳与成长,积极成长型
不会做计划怎么办，每次计划都做得太满然后完不成更挫败,neutral,0.0,1.0,0.0,26,1784440387561.0,目标与计划,
坚持早起30天了，感觉整个人都不一样了，自律真的能改变人生,positive,5.2,3.0,10.0,29,1784174624580.0,"自律与习惯,自我接纳与成长",积极成长型
拖延的背后是恐惧，害怕失败所以迟迟不开始,negative,-4.0,0.0,10.0,20,1782758142578.0,"拖延与行动障碍,情绪与内耗",拖延挣扎型
免费的东西往往最贵，好的服务值得付费 说的太对了,positive,3.2,5.0,2.0,24,1780249662242.0,价值与价格,
焦虑到失眠，感觉所有人都在前进只有我停在原地,neutral,-1.0,0.0,0.0,22,1783011181023.0,情绪与内耗,情绪内耗型
教练和心理咨询师的区别是什么？感觉教练更注重行动和未来 同感,neutral,1.0,1.0,0.0,30,1784741833729.0,"教练方法与关系,拖延与行动障碍",教练学习者
人生没有白走的路，每一步都算数,neutral,0.0,0.0,1.0,15,1777908525678.0,,
自律打卡第100天，从一个摆烂的人变成现在的自己，感谢那个没放弃的我,neutral,1.0,0.0,5.0,34,1777972815804.0,自律与习惯,习惯崩盘型
目标定了很多次都半途而废，现在学会了把大目标拆成小步骤,neutral,1.3,1.0,2.0,27,1779752419925.0,"目标与计划,拖延与行动障碍","拖延挣扎型,方向迷茫型"
SMART原则真的有用，目标要具体可衡量才有执行力,positive,2.6,0.0,3.0,25,1778698298660.0,"目标与计划,效率与工具,拖延与行动障碍",方向迷茫型
有没有好用的目标管理工具推荐，想要一个能每天提醒我的,positive,2.0,0.0,2.0,26,1784547820117.0,"目标与计划,效率与工具,自律与习惯",方向迷茫型
道理都懂就是做不到，说的就是我本人了,neutral,0.0,50.0,0.0,18,1780256760308.0,,
每天三个最重要的事，做完就收工，这个方法让我不再焦虑 同感,neutral,-1.0,3.0,1.0,29,1780052555983.0,"自律与习惯,效率与工具,情绪与内耗","情绪内耗型,教练学习者"
焦虑到失眠，感觉所有人都在前进只有我停在原地,neutral,-1.0,3.0,2.0,22,1779421979814.0,情绪与内耗,情绪内耗型
每次想做正事就开始拖延，刷手机刷到半夜然后自责，第二天又重复，怎么打破这个循环,negative,-2.0,0.0,0.0,39,1784697625924.0,拖延与行动障碍,拖延挣扎型
精神内耗太严重了，一天下来什么都没做却累得要死,neutral,-1.3,20.0,1.0,23,1782666461983.0,情绪与内耗,情绪内耗型
教练课程太贵了，一个月几千块真的负担不起,neutral,0.0,0.0,3.0,20,1781544872460.0,"教练方法与关系,价值与价格",教练学习者
每次想做正事就开始拖延，刷手机刷到半夜然后自责，第二天又重复，怎么打破这个循环,negative,-2.0,5.0,1.0,39,1780764004661.0,拖延与行动障碍,拖延挣扎型
目标定了很多次都半途而废，现在学会了把大目标拆成小步骤,neutral,1.3,0.0,1.0,27,1777846775593.0,"目标与计划,拖延与行动障碍","拖延挣扎型,方向迷茫型"
遇到了一个很好的教练，她总是不评判我，只是耐心地听我说然后问我问题 共勉,positive,1.6,3.0,0.0,36,1781453765569.0,教练方法与关系,教练学习者
拖延不是懒，是完美主义在作祟，怕做不好所以不开始,negative,-2.0,50.0,1.0,24,1780208933188.0,拖延与行动障碍,拖延挣扎型
教练课程太贵了，一个月几千块真的负担不起,neutral,0.0,20.0,0.0,20,1781429438607.0,"教练方法与关系,价值与价格",教练学习者
每次想做正事就开始拖延，刷手机刷到半夜然后自责，第二天又重复，怎么打破这个循环,negative,-2.0,1.0,1.0,39,1783393268971.0,拖延与行动障碍,拖延挣扎型
抑郁情绪来的时候什么都不想做，这个时候不逼自己才是对的,neutral,-1.0,1.0,0.0,27,1781194391740.0,情绪与内耗,情绪内耗型
最近最大的成长是学会了对自己说没关系，慢慢来 同感,neutral,1.0,0.0,0.0,25,1779786211378.0,自我接纳与成长,积极成长型
有没有人一起打卡互相监督，一个人真的坚持不下去,positive,2.6,0.0,0.0,23,1783060409851.0,"自律与习惯,教练方法与关系",习惯崩盘型
拖延不是懒，是完美主义在作祟，怕做不好所以不开始,negative,-2.0,0.0,0.0,24,1777621461351.0,拖延与行动障碍,拖延挣扎型
AI教练真的能替代真人教练吗？感觉少了那种被理解的感觉,neutral,1.3,1.0,0.0,27,1778352506509.0,教练方法与关系,教练学习者
花了钱才更珍惜，免费的课程根本不会听完,neutral,0.0,1.0,2.0,19,1784526860376.0,价值与价格,
好的教练真的像一面镜子，让你看清自己看不到的盲区 加油,positive,1.6,0.0,2.0,27,1780085026086.0,教练方法与关系,教练学习者
每天进步一点点，三个月回头看真的被自己惊讶到 加油,neutral,1.3,5.0,0.0,25,1780030533974.0,"自律与习惯,自我接纳与成长",积极成长型
接纳自己的不完美才是治愈的开始,positive,2.0,5.0,5.0,15,1783901260590.0,"自我接纳与成长,拖延与行动障碍",
每天进步一点点，三个月回头看真的被自己惊讶到 加油,neutral,1.3,10.0,5.0,25,1784998017734.0,"自律与习惯,自我接纳与成长",积极成长型
从年目标倒推到日计划，这个方法帮我实现了年度flag,positive,2.0,5.0,3.0,26,1783582415266.0,"目标与计划,效率与工具","方向迷茫型,教练学习者"
每天被焦虑裹挟，明明很努力还是觉得不够好 共勉,neutral,0.0,3.0,0.0,23,1785302461622.0,"自律与习惯,情绪与内耗",情绪内耗型
拖延症晚期患者求拯救，明明知道该做什么就是不想动 收藏了,neutral,-1.0,0.0,1.0,28,1777917149089.0,拖延与行动障碍,拖延挣扎型
AI教练真的能替代真人教练吗？感觉少了那种被理解的感觉,neutral,1.3,10.0,3.0,27,1777615819678.0,教练方法与关系,教练学习者
道理都懂就是做不到，说的就是我本人了,neutral,0.0,20.0,1.0,18,1778958983073.0,,
自律不是靠意志力，是靠环境和习惯，把目标融入日常 收藏了,positive,3.0,10.0,1.0,28,1782274006752.0,"自律与习惯,目标与计划","习惯崩盘型,方向迷茫型"
每天被焦虑裹挟，明明很努力还是觉得不够好,neutral,0.0,10.0,2.0,20,1785083195945.0,"自律与习惯,情绪与内耗",情绪内耗型
允许自己做自己，允许别人做别人,positive,2.0,100.0,3.0,15,1783032731360.0,自我接纳与成长,
每次想做正事就开始拖延，刷手机刷到半夜然后自责，第二天又重复，怎么打破这个循环,negative,-2.0,0.0,3.0,39,1781770667423.0,拖延与行动障碍,拖延挣扎型
好的教练真的像一面镜子，让你看清自己看不到的盲区,positive,1.6,50.0,3.0,24,1779044184397.0,教练方法与关系,教练学习者
教练不是在给你答案，而是在帮你问对的问题 说的太对了,neutral,0.0,1.0,0.0,26,1779988746418.0,教练方法与关系,教练学习者
精神内耗太严重了，一天下来什么都没做却累得要死,neutral,-1.3,10.0,2.0,23,1783807964326.0,情绪与内耗,情绪内耗型
如果有一个AI教练每天在微信里提醒我打卡，我愿意付费,neutral,1.0,5.0,3.0,26,1781059176603.0,"教练方法与关系,自律与习惯,价值与价格","习惯崩盘型,教练学习者"
SMART原则真的有用，目标要具体可衡量才有执行力,positive,2.6,1.0,0.0,25,1779326952669.0,"目标与计划,效率与工具,拖延与行动障碍",方向迷茫型
不会做计划怎么办，每次计划都做得太满然后完不成更挫败,neutral,0.0,3.0,1.0,26,1780611615223.0,目标与计划,
人生没有白走的路，每一步都算数,neutral,0.0,10.0,2.0,15,1777864308572.0,,
每次想做正事就开始拖延，刷手机刷到半夜然后自责，第二天又重复，怎么打破这个循环,negative,-2.0,0.0,1.0,39,1780155754668.0,拖延与行动障碍,拖延挣扎型
内耗的本质是自我攻击，学会对自己温柔一点 说的太对了,neutral,0.0,100.0,0.0,26,1780111780361.0,情绪与内耗,情绪内耗型
每天进步一点点，三个月回头看真的被自己惊讶到 说的太对了,positive,1.6,0.0,1.0,28,1784060372483.0,"自律与习惯,自我接纳与成长",积极成长型
不会做计划怎么办，每次计划都做得太满然后完不成更挫败,neutral,0.0,5.0,20.0,26,1780178224479.0,目标与计划,
每天进步一点点，三个月回头看真的被自己惊讶到,neutral,1.3,20.0,3.0,22,1782291426547.0,"自律与习惯,自我接纳与成长",积极成长型
最近最大的成长是学会了对自己说没关系，慢慢来,neutral,1.0,5.0,1.0,22,1782427346739.0,自我接纳与成长,积极成长型
有没有人一起打卡互相监督，一个人真的坚持不下去 同感,positive,2.6,3.0,10.0,26,1780429449152.0,"自律与习惯,教练方法与关系",习惯崩盘型
精神内耗太严重了，一天下来什么都没做却累得要死 同感,neutral,-1.3,1.0,1.0,26,1783842303371.0,情绪与内耗,情绪内耗型
最近最大的成长是学会了对自己说没关系，慢慢来,neutral,1.0,0.0,2.0,22,1778119373157.0,自我接纳与成长,积极成长型
坚持早起30天了，感觉整个人都不一样了，自律真的能改变人生 加油,positive,5.2,20.0,1.0,32,1781452961088.0,"自律与习惯,自我接纳与成长",积极成长型
教练和心理咨询师的区别是什么？感觉教练更注重行动和未来,neutral,1.0,0.0,10.0,27,1779850476764.0,"教练方法与关系,拖延与行动障碍",教练学习者
找教练有用吗？价格不便宜但确实帮我突破了瓶颈,neutral,0.0,5000.0,5.0,22,1784207591152.0,"教练方法与关系,价值与价格,自我接纳与成长","积极成长型,教练学习者"
计划不用太完美，完成比完美更重要 共勉,neutral,1.3,1.0,3.0,19,1778734095437.0,目标与计划,
从年目标倒推到日计划，这个方法帮我实现了年度flag,positive,2.0,0.0,0.0,26,1779460397624.0,"目标与计划,效率与工具","方向迷茫型,教练学习者"
习惯养成真的好难，前21天简直要命，但熬过去就好了,positive,3.2,1.0,1.0,25,1779075011602.0,自律与习惯,习惯崩盘型
SMART原则真的有用，目标要具体可衡量才有执行力 加油,positive,2.6,3.0,1.0,28,1778431666549.0,"目标与计划,效率与工具,拖延与行动障碍",方向迷茫型
拖延的背后是恐惧，害怕失败所以迟迟不开始,negative,-4.0,1.0,2.0,20,1782134947488.0,"拖延与行动障碍,情绪与内耗",拖延挣扎型
25岁之后开始觉醒，原来爱自己才是所有改变的基础,positive,3.0,1.0,1.0,24,1783169254623.0,"拖延与行动障碍,自我接纳与成长",积极成长型
25岁之后开始觉醒，原来爱自己才是所有改变的基础,positive,3.0,3.0,3.0,24,1783276689004.0,"拖延与行动障碍,自我接纳与成长",积极成长型
我也总是拖延，看了很多方法都没用，感觉需要有人盯着我才能动起来,negative,-2.0,3.0,0.0,31,1779194252324.0,"拖延与行动障碍,效率与工具","拖延挣扎型,教练学习者"
从年目标倒推到日计划，这个方法帮我实现了年度flag,positive,2.0,50.0,1.0,26,1783420630603.0,"目标与计划,效率与工具","方向迷茫型,教练学习者"
计划不用太完美，完成比完美更重要 收藏了,neutral,1.3,0.0,0.0,20,1780016123815.0,目标与计划,
免费的东西往往最贵，好的服务值得付费 加油,positive,2.6,5.0,0.0,21,1778075933014.0,价值与价格,
每次想做正事就开始拖延，刷手机刷到半夜然后自责，第二天又重复，怎么打破这个循环,negative,-2.0,20.0,1.0,39,1784410111458.0,拖延与行动障碍,拖延挣扎型
不会做计划怎么办，每次计划都做得太满然后完不成更挫败 加油,neutral,0.0,0.0,1.0,29,1779227598492.0,目标与计划,
有没有性价比高的教练推荐，想要被监督又不想花太多钱,neutral,1.0,3.0,0.0,25,1782176260681.0,"价值与价格,教练方法与关系",教练学习者
拖延的背后是恐惧，害怕失败所以迟迟不开始,negative,-4.0,10.0,0.0,20,1780158404831.0,"拖延与行动障碍,情绪与内耗",拖延挣扎型
教练课程太贵了，一个月几千块真的负担不起,neutral,0.0,3.0,1.0,20,1778421231486.0,"教练方法与关系,价值与价格",教练学习者
找教练有用吗？价格不便宜但确实帮我突破了瓶颈,neutral,0.0,3.0,0.0,22,1782045051788.0,"教练方法与关系,价值与价格,自我接纳与成长","积极成长型,教练学习者"
焦虑到失眠，感觉所有人都在前进只有我停在原地,neutral,-1.0,3.0,20.0,22,1782021091348.0,情绪与内耗,情绪内耗型
不会做计划怎么办，每次计划都做得太满然后完不成更挫败 收藏了,neutral,0.0,3.0,2.0,30,1781390812077.0,目标与计划,
自律打卡第100天，从一个摆烂的人变成现在的自己，感谢那个没放弃的我,neutral,1.0,1.0,2.0,34,1783356483305.0,自律与习惯,习惯崩盘型
人的改变真的是从接纳开始的，越抗拒越痛苦,positive,2.6,3.0,3.0,20,1778229534576.0,"自我接纳与成长,拖延与行动障碍",积极成长型
拖延不是懒，是完美主义在作祟，怕做不好所以不开始,negative,-2.0,1.0,5.0,24,1777988793811.0,拖延与行动障碍,拖延挣扎型
内耗的本质是自我攻击，学会对自己温柔一点,neutral,0.0,0.0,1.0,20,1783007173823.0,情绪与内耗,情绪内耗型
有没有好用的目标管理工具推荐，想要一个能每天提醒我的,positive,2.0,1.0,2.0,26,1784369485030.0,"目标与计划,效率与工具,自律与习惯",方向迷茫型
有没有好用的目标管理工具推荐，想要一个能每天提醒我的,positive,2.0,3.0,2.0,26,1785206642865.0,"目标与计划,效率与工具,自律与习惯",方向迷茫型
人的改变真的是从接纳开始的，越抗拒越痛苦,positive,2.6,1.0,1.0,20,1784542505089.0,"自我接纳与成长,拖延与行动障碍",积极成长型
我也总是拖延，看了很多方法都没用，感觉需要有人盯着我才能动起来,negative,-2.0,0.0,2.0,31,1778294571356.0,"拖延与行动障碍,效率与工具","拖延挣扎型,教练学习者"
从年目标倒推到日计划，这个方法帮我实现了年度flag 收藏了,positive,2.0,5.0,1.0,30,1784585428439.0,"目标与计划,效率与工具","方向迷茫型,教练学习者"
人生没有白走的路，每一步都算数,neutral,0.0,3.0,0.0,15,1782261563012.0,,
每天被焦虑裹挟，明明很努力还是觉得不够好,neutral,0.0,1.0,0.0,20,1785102700279.0,"自律与习惯,情绪与内耗",情绪内耗型
找一个搭子一起自律真的很重要，互相监督比一个人坚持容易太多了,positive,3.2,0.0,0.0,30,1779214340667.0,"自律与习惯,教练方法与关系",
习惯养成真的好难，前21天简直要命，但熬过去就好了,positive,3.2,10.0,1.0,25,1784209808290.0,自律与习惯,习惯崩盘型
精神内耗太严重了，一天下来什么都没做却累得要死,neutral,-1.3,0.0,2.0,23,1782221984620.0,情绪与内耗,情绪内耗型
每次想做正事就开始拖延，刷手机刷到半夜然后自责，第二天又重复，怎么打破这个循环,negative,-2.0,3.0,0.0,39,1782127981542.0,拖延与行动障碍,拖延挣扎型
不会做计划怎么办，每次计划都做得太满然后完不成更挫败,neutral,0.0,1.0,0.0,26,1781506236070.0,目标与计划,
内耗的本质是自我攻击，学会对自己温柔一点,neutral,0.0,1.0,0.0,20,1781135835863.0,情绪与内耗,情绪内耗型
习惯养成真的好难，前21天简直要命，但熬过去就好了,positive,3.2,0.0,0.0,25,1778661073616.0,自律与习惯,习惯崩盘型
习惯养成真的好难，前21天简直要命，但熬过去就好了,positive,3.2,20.0,0.0,25,1778833116573.0,自律与习惯,习惯崩盘型
找一个搭子一起自律真的很重要，互相监督比一个人坚持容易太多了,positive,3.2,1.0,1.0,30,1781321027069.0,"自律与习惯,教练方法与关系",
成长就是接纳自己的普通然后依然努力,positive,2.0,3.0,1.0,17,1779943735950.0,自我接纳与成长,积极成长型
每天三个最重要的事，做完就收工，这个方法让我不再焦虑,neutral,-1.0,0.0,1.0,26,1777862349783.0,"自律与习惯,效率与工具,情绪与内耗","情绪内耗型,教练学习者"
允许自己停下来也是一种能力，我花了很久才学会 共勉,neutral,1.3,20.0,2.0,25,1779999479814.0,自我接纳与成长,
成长就是接纳自己的普通然后依然努力,positive,2.0,0.0,0.0,17,1778571965623.0,自我接纳与成长,积极成长型
习惯养成真的好难，前21天简直要命，但熬过去就好了 加油,positive,3.2,1.0,3.0,28,1783601381433.0,自律与习惯,习惯崩盘型
有没有人一起打卡互相监督，一个人真的坚持不下去,positive,2.6,5.0,2.0,23,1780740641993.0,"自律与习惯,教练方法与关系",习惯崩盘型
人生没有白走的路，每一步都算数,neutral,0.0,3.0,0.0,15,1783080562419.0,,
免费的东西往往最贵，好的服务值得付费,positive,2.6,1.0,0.0,18,1781905965928.0,价值与价格,
拖延的背后是恐惧，害怕失败所以迟迟不开始,negative,-4.0,3.0,0.0,20,1779678700763.0,"拖延与行动障碍,情绪与内耗",拖延挣扎型
坚持早起30天了，感觉整个人都不一样了，自律真的能改变人生,positive,5.2,5.0,0.0,29,1781857853211.0,"自律与习惯,自我接纳与成长",积极成长型
教练和心理咨询师的区别是什么？感觉教练更注重行动和未来 同感,neutral,1.0,5000.0,20.0,30,1785154497088.0,"教练方法与关系,拖延与行动障碍",教练学习者
抑郁情绪来的时候什么都不想做，这个时候不逼自己才是对的 共勉,neutral,-1.0,20.0,3.0,30,1783662117149.0,情绪与内耗,情绪内耗型
好的教练真的像一面镜子，让你看清自己看不到的盲区,positive,1.6,5.0,0.0,24,1780719668633.0,教练方法与关系,教练学习者
习惯养成真的好难，前21天简直要命，但熬过去就好了,positive,3.2,3.0,1.0,25,1783290008354.0,自律与习惯,习惯崩盘型
每天进步一点点，三个月回头看真的被自己惊讶到,neutral,1.3,5.0,2.0,22,1783544778036.0,"自律与习惯,自我接纳与成长",积极成长型
自律不是苦行僧，而是对自己的人生有掌控感。当你开始行动，焦虑自然就消失了。,neutral,1.0,3213.0,0.0,37,1784705286049.0,"自律与习惯,拖延与行动障碍,情绪与内耗",情绪内耗型
自律不是靠意志力，是靠环境和习惯，把目标融入日常,positive,3.0,3.0,0.0,24,1784667548365.0,"自律与习惯,目标与计划","习惯崩盘型,方向迷茫型"
成长就是接纳自己的普通然后依然努力,positive,2.0,1.0,0.0,17,1782056914702.0,自我接纳与成长,积极成长型
拖延不是懒，是完美主义在作祟，怕做不好所以不开始,negative,-2.0,500.0,0.0,24,1777705238913.0,拖延与行动障碍,拖延挣扎型
允许自己停下来也是一种能力，我花了很久才学会,neutral,1.3,0.0,1.0,22,1778726242379.0,自我接纳与成长,
有没有性价比高的教练推荐，想要被监督又不想花太多钱,neutral,1.0,0.0,2.0,25,1779866443509.0,"价值与价格,教练方法与关系",教练学习者
不会做计划怎么办，每次计划都做得太满然后完不成更挫败 同感,neutral,0.0,3.0,1.0,29,1780738580252.0,目标与计划,
每天三个最重要的事，做完就收工，这个方法让我不再焦虑,neutral,-1.0,0.0,1.0,26,1781522031333.0,"自律与习惯,效率与工具,情绪与内耗","情绪内耗型,教练学习者"
25岁之后开始觉醒，原来爱自己才是所有改变的基础,positive,3.0,50.0,0.0,24,1778946365484.0,"拖延与行动障碍,自我接纳与成长",积极成长型
成长就是接纳自己的普通然后依然努力,positive,2.0,100.0,3.0,17,1777906228802.0,自我接纳与成长,积极成长型
精神内耗太严重了，一天下来什么都没做却累得要死,neutral,-1.3,5.0,0.0,23,1779254658264.0,情绪与内耗,情绪内耗型
花了钱才更珍惜，免费的课程根本不会听完 加油,neutral,0.0,1.0,1.0,22,1779184205866.0,价值与价格,
一个好的coach真的能改变你的人生轨迹，感恩,positive,3.2,10.0,3.0,23,1785223707438.0,"教练方法与关系,自我接纳与成长","积极成长型,教练学习者"
坚持早起30天了，感觉整个人都不一样了，自律真的能改变人生 共勉,positive,5.2,1.0,0.0,32,1785125790018.0,"自律与习惯,自我接纳与成长",积极成长型
不会做计划怎么办，每次计划都做得太满然后完不成更挫败,neutral,0.0,500.0,2.0,26,1784171520166.0,目标与计划,
找教练有用吗？价格不便宜但确实帮我突破了瓶颈,neutral,0.0,1.0,1.0,22,1780527624301.0,"教练方法与关系,价值与价格,自我接纳与成长","积极成长型,教练学习者"
目标定了很多次都半途而废，现在学会了把大目标拆成小步骤,neutral,1.3,10.0,10.0,27,1779789843108.0,"目标与计划,拖延与行动障碍","拖延挣扎型,方向迷茫型"
好的教练真的像一面镜子，让你看清自己看不到的盲区,positive,1.6,0.0,0.0,24,1781586591778.0,教练方法与关系,教练学习者
遇到了一个很好的教练，她总是不评判我，只是耐心地听我说然后问我问题,positive,1.6,0.0,3.0,33,1779242790817.0,教练方法与关系,教练学习者
坚持早起30天了，感觉整个人都不一样了，自律真的能改变人生,positive,5.2,0.0,1.0,29,1785044812328.0,"自律与习惯,自我接纳与成长",积极成长型
教练不是在给你答案，而是在帮你问对的问题,neutral,0.0,0.0,2.0,20,1779687391556.0,教练方法与关系,教练学习者
教练课程太贵了，一个月几千块真的负担不起,neutral,0.0,5.0,2.0,20,1782814114414.0,"教练方法与关系,价值与价格",教练学习者
找教练有用吗？价格不便宜但确实帮我突破了瓶颈,neutral,0.0,1.0,1.0,22,1785265479489.0,"教练方法与关系,价值与价格,自我接纳与成长","积极成长型,教练学习者"
免费的东西往往最贵，好的服务值得付费 共勉,positive,2.6,0.0,0.0,21,1779911347542.0,价值与价格,
AI教练真的能替代真人教练吗？感觉少了那种被理解的感觉,neutral,1.3,1.0,1.0,27,1782237721129.0,教练方法与关系,教练学习者
最近最大的成长是学会了对自己说没关系，慢慢来,neutral,1.0,5.0,1.0,22,1784565705049.0,自我接纳与成长,积极成长型
遇到了一个很好的教练，她总是不评判我，只是耐心地听我说然后问我问题 同感,positive,1.6,0.0,2.0,36,1778611713745.0,教练方法与关系,教练学习者
内耗的本质是自我攻击，学会对自己温柔一点,neutral,0.0,5.0,2.0,20,1785240155988.0,情绪与内耗,情绪内耗型
允许自己做自己，允许别人做别人,positive,2.0,1.0,1.0,15,1784477499730.0,自我接纳与成长,
如果有一个AI教练每天在微信里提醒我打卡，我愿意付费,neutral,1.0,0.0,0.0,26,1784510036783.0,"教练方法与关系,自律与习惯,价值与价格","习惯崩盘型,教练学习者"
最近最大的成长是学会了对自己说没关系，慢慢来,neutral,1.0,1.0,20.0,22,1781607803195.0,自我接纳与成长,积极成长型
花了钱才更珍惜，免费的课程根本不会听完,neutral,0.0,0.0,5.0,19,1779262487572.0,价值与价格,
目标定了很多次都半途而废，现在学会了把大目标拆成小步骤,neutral,1.3,0.0,3.0,27,1779839369370.0,"目标与计划,拖延与行动障碍","拖延挣扎型,方向迷茫型"
坚持早起30天了，感觉整个人都不一样了，自律真的能改变人生,positive,5.2,0.0,2.0,29,1778648723808.0,"自律与习惯,自我接纳与成长",积极成长型
允许自己停下来也是一种能力，我花了很久才学会,neutral,1.3,0.0,1.0,22,1779993796799.0,自我接纳与成长,
允许自己做自己，允许别人做别人,positive,2.0,10.0,3.0,15,1781298790705.0,自我接纳与成长,
成长就是接纳自己的普通然后依然努力 说的太对了,positive,2.6,1.0,1.0,23,1781899626245.0,自我接纳与成长,积极成长型
教练和心理咨询师的区别是什么？感觉教练更注重行动和未来,neutral,1.0,1.0,0.0,27,1783679994013.0,"教练方法与关系,拖延与行动障碍",教练学习者
免费的东西往往最贵，好的服务值得付费,positive,2.6,3.0,0.0,18,1784986432976.0,价值与价格,
免费的东西往往最贵，好的服务值得付费,positive,2.6,10.0,0.0,18,1778394032653.0,价值与价格,
SMART原则真的有用，目标要具体可衡量才有执行力,positive,2.6,5.0,0.0,25,1779251646430.0,"目标与计划,效率与工具,拖延与行动障碍",方向迷茫型
25岁之后开始觉醒，原来爱自己才是所有改变的基础,positive,3.0,5000.0,2.0,24,1783051406567.0,"拖延与行动障碍,自我接纳与成长",积极成长型
如果有一个AI教练每天在微信里提醒我打卡，我愿意付费,neutral,1.0,0.0,0.0,26,1778596844298.0,"教练方法与关系,自律与习惯,价值与价格","习惯崩盘型,教练学习者"
每天被焦虑裹挟，明明很努力还是觉得不够好,neutral,0.0,20.0,0.0,20,1780415749847.0,"自律与习惯,情绪与内耗",情绪内耗型
教练不是在给你答案，而是在帮你问对的问题 共勉,neutral,0.0,50.0,0.0,23,1780066181084.0,教练方法与关系,教练学习者
焦虑到失眠，感觉所有人都在前进只有我停在原地,neutral,-1.0,1.0,0.0,22,1784329796821.0,情绪与内耗,情绪内耗型
接纳自己的不完美才是治愈的开始,positive,2.0,3.0,20.0,15,1780614289981.0,"自我接纳与成长,拖延与行动障碍",
计划不用太完美，完成比完美更重要,neutral,1.3,1.0,0.0,16,1785045381152.0,目标与计划,
焦虑到失眠，感觉所有人都在前进只有我停在原地,neutral,-1.0,1.0,3.0,22,1781965153461.0,情绪与内耗,情绪内耗型
好的教练真的像一面镜子，让你看清自己看不到的盲区,positive,1.6,5.0,2.0,24,1777914564775.0,教练方法与关系,教练学习者
目标定了很多次都半途而废，现在学会了把大目标拆成小步骤,neutral,1.3,0.0,2.0,27,1779952858766.0,"目标与计划,拖延与行动障碍","拖延挣扎型,方向迷茫型"
拖延的背后是恐惧，害怕失败所以迟迟不开始,negative,-4.0,0.0,5.0,20,1784108007479.0,"拖延与行动障碍,情绪与内耗",拖延挣扎型
找一个搭子一起自律真的很重要，互相监督比一个人坚持容易太多了,positive,3.2,1.0,10.0,30,1782266619821.0,"自律与习惯,教练方法与关系",
道理都懂就是做不到，说的就是我本人了,neutral,0.0,1.0,0.0,18,1785211858604.0,,
成长就是接纳自己的普通然后依然努力,positive,2.0,5.0,0.0,17,1779901200310.0,自我接纳与成长,积极成长型
每天进步一点点，三个月回头看真的被自己惊讶到,neutral,1.3,0.0,0.0,22,1782930720357.0,"自律与习惯,自我接纳与成长",积极成长型
每天三个最重要的事，做完就收工，这个方法让我不再焦虑,neutral,-1.0,1.0,3.0,26,1780393329850.0,"自律与习惯,效率与工具,情绪与内耗","情绪内耗型,教练学习者"
拖延的根源不是懒，是恐惧。怕做不好、怕被评价、怕失败。教练帮我看到的这一点，改变了我的人生。,negative,-3.0,2781.0,2.0,46,1779467208113.0,"拖延与行动障碍,情绪与内耗,教练方法与关系,自我接纳与成长","拖延挣扎型,积极成长型,教练学习者"
最近最大的成长是学会了对自己说没关系，慢慢来,neutral,1.0,0.0,2.0,22,1783542450250.0,自我接纳与成长,积极成长型
从年目标倒推到日计划，这个方法帮我实现了年度flag 共勉,positive,2.0,1.0,0.0,29,1783212381408.0,"目标与计划,效率与工具","方向迷茫型,教练学习者"
人的改变真的是从接纳开始的，越抗拒越痛苦,positive,2.6,0.0,2.0,20,1782446528415.0,"自我接纳与成长,拖延与行动障碍",积极成长型
允许自己做自己，允许别人做别人,positive,2.0,0.0,5.0,15,1780201299873.0,自我接纳与成长,
目标定了很多次都半途而废，现在学会了把大目标拆成小步骤 说的太对了,positive,1.6,0.0,1.0,33,1784646896762.0,"目标与计划,拖延与行动障碍","拖延挣扎型,方向迷茫型"
从年目标倒推到日计划，这个方法帮我实现了年度flag,positive,2.0,1.0,1.0,26,1778378978001.0,"目标与计划,效率与工具","方向迷茫型,教练学习者"
拖延的背后是恐惧，害怕失败所以迟迟不开始 说的太对了,negative,-5.2,1.0,0.0,26,1784417497261.0,"拖延与行动障碍,情绪与内耗",拖延挣扎型
25岁之后开始觉醒，原来爱自己才是所有改变的基础,positive,3.0,20.0,5.0,24,1779748051181.0,"拖延与行动障碍,自我接纳与成长",积极成长型
有没有性价比高的教练推荐，想要被监督又不想花太多钱,neutral,1.0,50.0,1.0,25,1784201621060.0,"价值与价格,教练方法与关系",教练学习者
有没有好用的目标管理工具推荐，想要一个能每天提醒我的,positive,2.0,0.0,2.0,26,1784151071432.0,"目标与计划,效率与工具,自律与习惯",方向迷茫型
每天进步一点点，三个月回头看真的被自己惊讶到,neutral,1.3,3.0,1.0,22,1779263805358.0,"自律与习惯,自我接纳与成长",积极成长型
抑郁情绪来的时候什么都不想做，这个时候不逼自己才是对的,neutral,-1.0,0.0,20.0,27,1779302063592.0,情绪与内耗,情绪内耗型
目标定了很多次都半途而废，现在学会了把大目标拆成小步骤,neutral,1.3,20.0,2.0,27,1781070157377.0,"目标与计划,拖延与行动障碍","拖延挣扎型,方向迷茫型"
精神内耗太严重了，一天下来什么都没做却累得要死,neutral,-1.3,1.0,0.0,23,1785224061116.0,情绪与内耗,情绪内耗型
接纳自己的不完美才是治愈的开始,positive,2.0,1.0,1.0,15,1785260931664.0,"自我接纳与成长,拖延与行动障碍",
一个好的coach真的能改变你的人生轨迹，感恩,positive,3.2,0.0,0.0,23,1783768986361.0,"教练方法与关系,自我接纳与成长","积极成长型,教练学习者"
允许自己做自己，允许别人做别人,positive,2.0,3.0,3.0,15,1783965737997.0,自我接纳与成长,
有没有性价比高的教练推荐，想要被监督又不想花太多钱,neutral,1.0,1.0,5.0,25,1777937019372.0,"价值与价格,教练方法与关系",教练学习者
SMART原则真的有用，目标要具体可衡量才有执行力,positive,2.6,1.0,0.0,25,1782545159839.0,"目标与计划,效率与工具,拖延与行动障碍",方向迷茫型
不会做计划怎么办，每次计划都做得太满然后完不成更挫败 同感,neutral,0.0,1.0,1.0,29,1782255092904.0,目标与计划,
每天进步一点点，三个月回头看真的被自己惊讶到,neutral,1.3,1.0,5.0,22,1779207316723.0,"自律与习惯,自我接纳与成长",积极成长型
做计划的时候激情满满，执行的时候各种理由推脱，我太难了,neutral,0.0,1.0,1.0,27,1780123328934.0,目标与计划,
计划不用太完美，完成比完美更重要,neutral,1.3,0.0,3.0,16,1778231605415.0,目标与计划,
如果有一个AI教练每天在微信里提醒我打卡，我愿意付费,neutral,1.0,0.0,0.0,26,1784127969072.0,"教练方法与关系,自律与习惯,价值与价格","习惯崩盘型,教练学习者"
遇到了一个很好的教练，她总是不评判我，只是耐心地听我说然后问我问题,positive,1.6,1.0,1.0,33,1781924355923.0,教练方法与关系,教练学习者
允许自己做自己，允许别人做别人 共勉,positive,2.0,0.0,1.0,18,1785154970374.0,自我接纳与成长,
教练不是在给你答案，而是在帮你问对的问题,neutral,0.0,0.0,0.0,20,1778445813243.0,教练方法与关系,教练学习者
做计划的时候激情满满，执行的时候各种理由推脱，我太难了,neutral,0.0,10.0,0.0,27,1783069691749.0,目标与计划,
从年目标倒推到日计划，这个方法帮我实现了年度flag,positive,2.0,5.0,0.0,26,1785195713235.0,"目标与计划,效率与工具","方向迷茫型,教练学习者"
有没有好用的目标管理工具推荐，想要一个能每天提醒我的 说的太对了,positive,2.6,20.0,0.0,32,1779282630551.0,"目标与计划,效率与工具,自律与习惯",方向迷茫型
SMART原则真的有用，目标要具体可衡量才有执行力,positive,2.6,3.0,1.0,25,1779684700738.0,"目标与计划,效率与工具,拖延与行动障碍",方向迷茫型
遇到了一个很好的教练，她总是不评判我，只是耐心地听我说然后问我问题,positive,1.6,50.0,2.0,33,1780675067144.0,教练方法与关系,教练学习者
每天进步一点点，三个月回头看真的被自己惊讶到,neutral,1.3,1.0,0.0,22,1780037811222.0,"自律与习惯,自我接纳与成长",积极成长型
一个好的coach真的能改变你的人生轨迹，感恩,positive,3.2,5.0,5.0,23,1778800440410.0,"教练方法与关系,自我接纳与成长","积极成长型,教练学习者"
教练课程太贵了，一个月几千块真的负担不起,neutral,0.0,1.0,5.0,20,1777765015205.0,"教练方法与关系,价值与价格",教练学习者
好的教练真的像一面镜子，让你看清自己看不到的盲区,positive,1.6,3.0,0.0,24,1781059406206.0,教练方法与关系,教练学习者
SMART原则真的有用，目标要具体可衡量才有执行力,positive,2.6,3.0,0.0,25,1778401687967.0,"目标与计划,效率与工具,拖延与行动障碍",方向迷茫型
允许自己停下来也是一种能力，我花了很久才学会,neutral,1.3,1.0,1.0,22,1784136627508.0,自我接纳与成长,
不会做计划怎么办，每次计划都做得太满然后完不成更挫败,neutral,0.0,50.0,0.0,26,1784015089004.0,目标与计划,
从年目标倒推到日计划，这个方法帮我实现了年度flag,positive,2.0,10.0,0.0,26,1783595947700.0,"目标与计划,效率与工具","方向迷茫型,教练学习者"
成长就是接纳自己的普通然后依然努力,positive,2.0,1.0,0.0,17,1779423527148.0,自我接纳与成长,积极成长型
一个好的coach真的能改变你的人生轨迹，感恩,positive,3.2,3.0,1.0,23,1779402705978.0,"教练方法与关系,自我接纳与成长","积极成长型,教练学习者"
有没有好用的目标管理工具推荐，想要一个能每天提醒我的,positive,2.0,5.0,0.0,26,1781933971204.0,"目标与计划,效率与工具,自律与习惯",方向迷茫型
拖延的根源不是懒，是恐惧。怕做不好、怕被评价、怕失败。教练帮我看到的这一点，改变了我的人生。,negative,-3.0,3149.0,1.0,46,1783771906099.0,"拖延与行动障碍,情绪与内耗,教练方法与关系,自我接纳与成长","拖延挣扎型,积极成长型,教练学习者"
成长就是接纳自己的普通然后依然努力,positive,2.0,3.0,1.0,17,1778427682470.0,自我接纳与成长,积极成长型
计划不用太完美，完成比完美更重要 共勉,neutral,1.3,0.0,10.0,19,1781265805759.0,目标与计划,
成长就是接纳自己的普通然后依然努力 加油,positive,2.0,0.0,1.0,20,1784090323530.0,自我接纳与成长,积极成长型
拖延的背后是恐惧，害怕失败所以迟迟不开始,negative,-4.0,1.0,3.0,20,1781401741684.0,"拖延与行动障碍,情绪与内耗",拖延挣扎型
每天被焦虑裹挟，明明很努力还是觉得不够好 共勉,neutral,0.0,500.0,1.0,23,1782040672352.0,"自律与习惯,情绪与内耗",情绪内耗型
内耗的本质是自我攻击，学会对自己温柔一点,neutral,0.0,0.0,2.0,20,1779823694970.0,情绪与内耗,情绪内耗型
每天三个最重要的事，做完就收工，这个方法让我不再焦虑,neutral,-1.0,20.0,0.0,26,1778161761612.0,"自律与习惯,效率与工具,情绪与内耗","情绪内耗型,教练学习者"
自律不是靠意志力，是靠环境和习惯，把目标融入日常,positive,3.0,10.0,3.0,24,1781586985185.0,"自律与习惯,目标与计划","习惯崩盘型,方向迷茫型"
成长就是接纳自己的普通然后依然努力,positive,2.0,1.0,1.0,17,1778554780505.0,自我接纳与成长,积极成长型
从年目标倒推到日计划，这个方法帮我实现了年度flag,positive,2.0,3.0,20.0,26,1777808593218.0,"目标与计划,效率与工具","方向迷茫型,教练学习者"
自律打卡第100天，从一个摆烂的人变成现在的自己，感谢那个没放弃的我,neutral,1.0,3.0,3.0,34,1781661831955.0,自律与习惯,习惯崩盘型
自律打卡第100天，从一个摆烂的人变成现在的自己，感谢那个没放弃的我,neutral,1.0,20.0,2.0,34,1782306212116.0,自律与习惯,习惯崩盘型
免费的东西往往最贵，好的服务值得付费,positive,2.6,0.0,2.0,18,1783592576080.0,价值与价格,
教练课程太贵了，一个月几千块真的负担不起,neutral,0.0,3.0,0.0,20,1784131979182.0,"教练方法与关系,价值与价格",教练学习者
AI教练真的能替代真人教练吗？感觉少了那种被理解的感觉,neutral,1.3,1.0,0.0,27,1779088104816.0,教练方法与关系,教练学习者
人生没有白走的路，每一步都算数 同感,neutral,0.0,0.0,3.0,18,1783109724937.0,,
接纳自己的不完美才是治愈的开始,positive,2.0,10.0,1.0,15,1783704029304.0,"自我接纳与成长,拖延与行动障碍",
有没有好用的目标管理工具推荐，想要一个能每天提醒我的,positive,2.0,1.0,5.0,26,1784599343160.0,"目标与计划,效率与工具,自律与习惯",方向迷茫型
道理都懂就是做不到，说的就是我本人了 收藏了,neutral,0.0,0.0,0.0,22,1783377599716.0,,
有没有性价比高的教练推荐，想要被监督又不想花太多钱,neutral,1.0,0.0,0.0,25,1781430270080.0,"价值与价格,教练方法与关系",教练学习者
计划不用太完美，完成比完美更重要,neutral,1.3,1.0,1.0,16,1780967718046.0,目标与计划,
允许自己停下来也是一种能力，我花了很久才学会,neutral,1.3,1.0,1.0,22,1785001400213.0,自我接纳与成长,
教练不是在给你答案，而是在帮你问对的问题 共勉,neutral,0.0,0.0,1.0,23,1778162899989.0,教练方法与关系,教练学习者
拖延的背后是恐惧，害怕失败所以迟迟不开始,negative,-4.0,0.0,0.0,20,1782742410054.0,"拖延与行动障碍,情绪与内耗",拖延挣扎型
焦虑到失眠，感觉所有人都在前进只有我停在原地,neutral,-1.0,0.0,5.0,22,1780815742310.0,情绪与内耗,情绪内耗型
每天进步一点点，三个月回头看真的被自己惊讶到,neutral,1.3,500.0,1.0,22,1783681821601.0,"自律与习惯,自我接纳与成长",积极成长型
花了钱才更珍惜，免费的课程根本不会听完,neutral,0.0,1.0,0.0,19,1782589187101.0,价值与价格,
自律打卡第100天，从一个摆烂的人变成现在的自己，感谢那个没放弃的我,neutral,1.0,500.0,1.0,34,1779349220024.0,自律与习惯,习惯崩盘型
人生没有白走的路，每一步都算数,neutral,0.0,0.0,0.0,15,1781150275436.0,,
找教练有用吗？价格不便宜但确实帮我突破了瓶颈,neutral,0.0,20.0,0.0,22,1779994453825.0,"教练方法与关系,价值与价格,自我接纳与成长","积极成长型,教练学习者"
免费的东西往往最贵，好的服务值得付费,positive,2.6,0.0,1.0,18,1777874888017.0,价值与价格,
习惯养成真的好难，前21天简直要命，但熬过去就好了,positive,3.2,1.0,3.0,25,1780342096299.0,自律与习惯,习惯崩盘型
每天三个最重要的事，做完就收工，这个方法让我不再焦虑,neutral,-1.0,0.0,1.0,26,1782845679977.0,"自律与习惯,效率与工具,情绪与内耗","情绪内耗型,教练学习者"
习惯养成真的好难，前21天简直要命，但熬过去就好了,positive,3.2,20.0,1.0,25,1777679627073.0,自律与习惯,习惯崩盘型
习惯养成真的好难，前21天简直要命，但熬过去就好了,positive,3.2,5.0,3.0,25,1779999845304.0,自律与习惯,习惯崩盘型
每次想做正事就开始拖延，刷手机刷到半夜然后自责，第二天又重复，怎么打破这个循环,negative,-2.0,3.0,5.0,39,1782855485078.0,拖延与行动障碍,拖延挣扎型
有没有好用的目标管理工具推荐，想要一个能每天提醒我的,positive,2.0,10.0,1.0,26,1784331023185.0,"目标与计划,效率与工具,自律与习惯",方向迷茫型
花了钱才更珍惜，免费的课程根本不会听完,neutral,0.0,1.0,1.0,19,1779024361840.0,价值与价格,
我也总是拖延，看了很多方法都没用，感觉需要有人盯着我才能动起来,negative,-2.0,0.0,2.0,31,1783164611929.0,"拖延与行动障碍,效率与工具","拖延挣扎型,教练学习者"
花了钱才更珍惜，免费的课程根本不会听完,neutral,0.0,0.0,5.0,19,1780863158211.0,价值与价格,
做计划的时候激情满满，执行的时候各种理由推脱，我太难了,neutral,0.0,20.0,0.0,27,1781745204998.0,目标与计划,
精神内耗太严重了，一天下来什么都没做却累得要死,neutral,-1.3,3.0,0.0,23,1781417162668.0,情绪与内耗,情绪内耗型
教练课程太贵了，一个月几千块真的负担不起,neutral,0.0,3.0,1.0,20,1784387013580.0,"教练方法与关系,价值与价格",教练学习者
道理都懂就是做不到，说的就是我本人了,neutral,0.0,1.0,1.0,18,1782804291233.0,,
目标定了很多次都半途而废，现在学会了把大目标拆成小步骤,neutral,1.3,10.0,0.0,27,1781214581381.0,"目标与计划,拖延与行动障碍","拖延挣扎型,方向迷茫型"
人生没有白走的路，每一步都算数,neutral,0.0,500.0,0.0,15,1784714317944.0,,
SMART原则真的有用，目标要具体可衡量才有执行力 收藏了,positive,2.6,5.0,0.0,29,1779492863310.0,"目标与计划,效率与工具,拖延与行动障碍",方向迷茫型
拖延的背后是恐惧，害怕失败所以迟迟不开始,negative,-4.0,1.0,1.0,20,1779716315846.0,"拖延与行动障碍,情绪与内耗",拖延挣扎型
每次想做正事就开始拖延，刷手机刷到半夜然后自责，第二天又重复，怎么打破这个循环 说的太对了,negative,-2.6,3.0,0.0,45,1781917426898.0,拖延与行动障碍,拖延挣扎型
不要等到准备好了再开始，先做了再说，路是走出来的 加油,neutral,1.3,1000.0,1.0,27,1778452220607.0,拖延与行动障碍,
接纳自己的不完美才是治愈的开始,positive,2.0,5.0,0.0,15,1784462983635.0,"自我接纳与成长,拖延与行动障碍",
成长就是接纳自己的普通然后依然努力,positive,2.0,1.0,0.0,17,1777680419319.0,自我接纳与成长,积极成长型
教练课程太贵了，一个月几千块真的负担不起,neutral,0.0,0.0,20.0,20,1778608952710.0,"教练方法与关系,价值与价格",教练学习者
遇到了一个很好的教练，她总是不评判我，只是耐心地听我说然后问我问题,positive,1.6,3.0,1.0,33,1780768037132.0,教练方法与关系,教练学习者
遇到了一个很好的教练，她总是不评判我，只是耐心地听我说然后问我问题 同感,positive,1.6,1.0,0.0,36,1781297208745.0,教练方法与关系,教练学习者
精神内耗太严重了，一天下来什么都没做却累得要死 收藏了,neutral,-1.3,0.0,3.0,27,1777645830736.0,情绪与内耗,情绪内耗型
花了钱才更珍惜，免费的课程根本不会听完 加油,neutral,0.0,0.0,2.0,22,1778291570755.0,价值与价格,
教练课程太贵了，一个月几千块真的负担不起,neutral,0.0,5.0,0.0,20,1780097940722.0,"教练方法与关系,价值与价格",教练学习者
25岁之后开始觉醒，原来爱自己才是所有改变的基础,positive,3.0,0.0,2.0,24,1780328978910.0,"拖延与行动障碍,自我接纳与成长",积极成长型
接纳自己的不完美才是治愈的开始,positive,2.0,50.0,0.0,15,1777962743121.0,"自我接纳与成长,拖延与行动障碍",
每次想做正事就开始拖延，刷手机刷到半夜然后自责，第二天又重复，怎么打破这个循环,negative,-2.0,3.0,0.0,39,1782648816971.0,拖延与行动障碍,拖延挣扎型
每天三个最重要的事，做完就收工，这个方法让我不再焦虑,neutral,-1.0,0.0,0.0,26,1780529341091.0,"自律与习惯,效率与工具,情绪与内耗","情绪内耗型,教练学习者"
AI教练真的能替代真人教练吗？感觉少了那种被理解的感觉,neutral,1.3,1.0,1.0,27,1780819805561.0,教练方法与关系,教练学习者
不要等到准备好了再开始，先做了再说，路是走出来的,neutral,1.3,0.0,2.0,24,1784650731640.0,拖延与行动障碍,
拖延症晚期患者求拯救，明明知道该做什么就是不想动,neutral,-1.0,3.0,1.0,24,1780387877389.0,拖延与行动障碍,拖延挣扎型
找教练有用吗？价格不便宜但确实帮我突破了瓶颈,neutral,0.0,5.0,3.0,22,1779410996721.0,"教练方法与关系,价值与价格,自我接纳与成长","积极成长型,教练学习者"
道理都懂就是做不到，说的就是我本人了,neutral,0.0,500.0,20.0,18,1780026476240.0,,
不会做计划怎么办，每次计划都做得太满然后完不成更挫败 说的太对了,neutral,0.0,1.0,1.0,32,1780243055361.0,目标与计划,
我也总是拖延，看了很多方法都没用，感觉需要有人盯着我才能动起来,negative,-2.0,5.0,1.0,31,1783324336170.0,"拖延与行动障碍,效率与工具","拖延挣扎型,教练学习者"
找教练有用吗？价格不便宜但确实帮我突破了瓶颈,neutral,0.0,20.0,0.0,22,1780468089786.0,"教练方法与关系,价值与价格,自我接纳与成长","积极成长型,教练学习者"
有没有性价比高的教练推荐，想要被监督又不想花太多钱,neutral,1.0,5.0,1.0,25,1780099259601.0,"价值与价格,教练方法与关系",教练学习者
自律打卡第100天，从一个摆烂的人变成现在的自己，感谢那个没放弃的我 同感,neutral,1.0,5.0,2.0,37,1780974519441.0,自律与习惯,习惯崩盘型
每天进步一点点，三个月回头看真的被自己惊讶到,neutral,1.3,10.0,2.0,22,1782618211394.0,"自律与习惯,自我接纳与成长",积极成长型
计划不用太完美，完成比完美更重要 说的太对了,positive,1.6,0.0,20.0,22,1780160971767.0,目标与计划,
不要等到准备好了再开始，先做了再说，路是走出来的,neutral,1.3,3.0,3.0,24,1781404444635.0,拖延与行动障碍,
抑郁情绪来的时候什么都不想做，这个时候不逼自己才是对的 说的太对了,neutral,-1.3,0.0,0.0,33,1781457867435.0,情绪与内耗,情绪内耗型
教练课程太贵了，一个月几千块真的负担不起,neutral,0.0,0.0,0.0,20,1783646758759.0,"教练方法与关系,价值与价格",教练学习者
从年目标倒推到日计划，这个方法帮我实现了年度flag 收藏了,positive,2.0,50.0,1.0,30,1781713225756.0,"目标与计划,效率与工具","方向迷茫型,教练学习者"
道理都懂就是做不到，说的就是我本人了,neutral,0.0,0.0,0.0,18,1782626363964.0,,
允许自己停下来也是一种能力，我花了很久才学会 加油,neutral,1.3,1.0,2.0,25,1785235082048.0,自我接纳与成长,
免费的东西往往最贵，好的服务值得付费,positive,2.6,0.0,0.0,18,1783677795591.0,价值与价格,
接纳自己的不完美才是治愈的开始,positive,2.0,0.0,0.0,15,1781795929434.0,"自我接纳与成长,拖延与行动障碍",
从年目标倒推到日计划，这个方法帮我实现了年度flag,positive,2.0,1.0,2.0,26,1779206343485.0,"目标与计划,效率与工具","方向迷茫型,教练学习者"
找教练有用吗？价格不便宜但确实帮我突破了瓶颈,neutral,0.0,1.0,0.0,22,1784096271888.0,"教练方法与关系,价值与价格,自我接纳与成长","积极成长型,教练学习者"
从年目标倒推到日计划，这个方法帮我实现了年度flag,positive,2.0,0.0,3.0,26,1777859059710.0,"目标与计划,效率与工具","方向迷茫型,教练学习者"
目标定了很多次都半途而废，现在学会了把大目标拆成小步骤 同感,neutral,1.3,0.0,2.0,30,1782303737520.0,"目标与计划,拖延与行动障碍","拖延挣扎型,方向迷茫型"
习惯养成真的好难，前21天简直要命，但熬过去就好了,positive,3.2,1.0,10.0,25,1784557545413.0,自律与习惯,习惯崩盘型
习惯养成真的好难，前21天简直要命，但熬过去就好了,positive,3.2,0.0,5.0,25,1777639552529.0,自律与习惯,习惯崩盘型
25岁之后开始觉醒，原来爱自己才是所有改变的基础 收藏了,positive,3.0,1.0,0.0,28,1779552697290.0,"拖延与行动障碍,自我接纳与成长",积极成长型
接纳自己的不完美才是治愈的开始,positive,2.0,100.0,1.0,15,1777921393268.0,"自我接纳与成长,拖延与行动障碍",
自律不是靠意志力，是靠环境和习惯，把目标融入日常,positive,3.0,1.0,5.0,24,1777626386053.0,"自律与习惯,目标与计划","习惯崩盘型,方向迷茫型"
精神内耗太严重了，一天下来什么都没做却累得要死,neutral,-1.3,10.0,0.0,23,1778298501540.0,情绪与内耗,情绪内耗型
拖延不是懒，是完美主义在作祟，怕做不好所以不开始 加油,negative,-2.0,3.0,10.0,27,1783158074613.0,拖延与行动障碍,拖延挣扎型
人生没有白走的路，每一步都算数,neutral,0.0,5.0,0.0,15,1781538145915.0,,
自律不是靠意志力，是靠环境和习惯，把目标融入日常,positive,3.0,5.0,3.0,24,1784622823470.0,"自律与习惯,目标与计划","习惯崩盘型,方向迷茫型"
接纳自己的不完美才是治愈的开始 同感,positive,2.0,0.0,3.0,18,1779308722674.0,"自我接纳与成长,拖延与行动障碍",
计划不用太完美，完成比完美更重要,neutral,1.3,0.0,1.0,16,1782322692974.0,目标与计划,
教练课程太贵了，一个月几千块真的负担不起,neutral,0.0,1.0,5.0,20,1777747336572.0,"教练方法与关系,价值与价格",教练学习者
教练和心理咨询师的区别是什么？感觉教练更注重行动和未来,neutral,1.0,0.0,1.0,27,1780239609273.0,"教练方法与关系,拖延与行动障碍",教练学习者
不要等到准备好了再开始，先做了再说，路是走出来的,neutral,1.3,5.0,2.0,24,1777932380274.0,拖延与行动障碍,
接纳自己的不完美才是治愈的开始 同感,positive,2.0,1.0,1.0,18,1779706396397.0,"自我接纳与成长,拖延与行动障碍",
人的改变真的是从接纳开始的，越抗拒越痛苦,positive,2.6,50.0,3.0,20,1784855572390.0,"自我接纳与成长,拖延与行动障碍",积极成长型
内耗是可以停止的。第一步就是允许自己不完美，允许自己慢慢来。,neutral,1.0,5463.0,1.0,30,1780219489644.0,"情绪与内耗,拖延与行动障碍,自我接纳与成长",情绪内耗型
目标定了很多次都半途而废，现在学会了把大目标拆成小步骤 共勉,neutral,1.3,20.0,2.0,30,1778164229073.0,"目标与计划,拖延与行动障碍","拖延挣扎型,方向迷茫型"
好的教练真的像一面镜子，让你看清自己看不到的盲区,positive,1.6,0.0,1.0,24,1779747376626.0,教练方法与关系,教练学习者
不要等到准备好了再开始，先做了再说，路是走出来的,neutral,1.3,3.0,2.0,24,1778047853474.0,拖延与行动障碍,
如果有一个AI教练每天在微信里提醒我打卡，我愿意付费,neutral,1.0,3.0,5.0,26,1778776950658.0,"教练方法与关系,自律与习惯,价值与价格","习惯崩盘型,教练学习者"
抑郁情绪来的时候什么都不想做，这个时候不逼自己才是对的,neutral,-1.0,50.0,5.0,27,1784212202225.0,情绪与内耗,情绪内耗型
找一个搭子一起自律真的很重要，互相监督比一个人坚持容易太多了,positive,3.2,20.0,1.0,30,1784206772241.0,"自律与习惯,教练方法与关系",
找教练有用吗？价格不便宜但确实帮我突破了瓶颈,neutral,0.0,5.0,2.0,22,1782893548074.0,"教练方法与关系,价值与价格,自我接纳与成长","积极成长型,教练学习者"
焦虑到失眠，感觉所有人都在前进只有我停在原地 说的太对了,neutral,-1.3,10.0,0.0,28,1782914410454.0,情绪与内耗,情绪内耗型
自律不是苦行僧，而是对自己的人生有掌控感。当你开始行动，焦虑自然就消失了。,neutral,1.0,7649.0,1.0,37,1781313331368.0,"自律与习惯,拖延与行动障碍,情绪与内耗",情绪内耗型
25岁之后开始觉醒，原来爱自己才是所有改变的基础,positive,3.0,0.0,10.0,24,1784826875312.0,"拖延与行动障碍,自我接纳与成长",积极成长型
抑郁情绪来的时候什么都不想做，这个时候不逼自己才是对的,neutral,-1.0,1.0,10.0,27,1779564799248.0,情绪与内耗,情绪内耗型
自律打卡第100天，从一个摆烂的人变成现在的自己，感谢那个没放弃的我,neutral,1.0,3.0,0.0,34,1779119631876.0,自律与习惯,习惯崩盘型
成长就是接纳自己的普通然后依然努力 说的太对了,positive,2.6,5.0,0.0,23,1779029324765.0,自我接纳与成长,积极成长型
好的教练真的像一面镜子，让你看清自己看不到的盲区,positive,1.6,100.0,2.0,24,1783863203784.0,教练方法与关系,教练学习者
每天被焦虑裹挟，明明很努力还是觉得不够好,neutral,0.0,10.0,5.0,20,1777993917915.0,"自律与习惯,情绪与内耗",情绪内耗型
不会做计划怎么办，每次计划都做得太满然后完不成更挫败,neutral,0.0,0.0,0.0,26,1779137976443.0,目标与计划,
25岁之后开始觉醒，原来爱自己才是所有改变的基础,positive,3.0,1.0,3.0,24,1783974781779.0,"拖延与行动障碍,自我接纳与成长",积极成长型
教练不是在给你答案，而是在帮你问对的问题,neutral,0.0,0.0,5.0,20,1779159945150.0,教练方法与关系,教练学习者
我也总是拖延，看了很多方法都没用，感觉需要有人盯着我才能动起来,negative,-2.0,1.0,0.0,31,1782196801229.0,"拖延与行动障碍,效率与工具","拖延挣扎型,教练学习者"
我也总是拖延，看了很多方法都没用，感觉需要有人盯着我才能动起来,negative,-2.0,0.0,5.0,31,1781207845271.0,"拖延与行动障碍,效率与工具","拖延挣扎型,教练学习者"
25岁之后开始觉醒，原来爱自己才是所有改变的基础 说的太对了,positive,3.9000000000000004,3.0,2.0,30,1778360758198.0,"拖延与行动障碍,自我接纳与成长",积极成长型
人的改变真的是从接纳开始的，越抗拒越痛苦 说的太对了,positive,3.2,3.0,0.0,26,1781612826933.0,"自我接纳与成长,拖延与行动障碍",积极成长型
每天三个最重要的事，做完就收工，这个方法让我不再焦虑,neutral,-1.0,1.0,0.0,26,1778962426815.0,"自律与习惯,效率与工具,情绪与内耗","情绪内耗型,教练学习者"
AI教练真的能替代真人教练吗？感觉少了那种被理解的感觉,neutral,1.3,3.0,5.0,27,1781476324492.0,教练方法与关系,教练学习者
拖延的背后是恐惧，害怕失败所以迟迟不开始 收藏了,negative,-4.0,10.0,1.0,24,1779055034525.0,"拖延与行动障碍,情绪与内耗",拖延挣扎型
拖延症晚期患者求拯救，明明知道该做什么就是不想动,neutral,-1.0,3.0,2.0,24,1778519086030.0,拖延与行动障碍,拖延挣扎型
有没有性价比高的教练推荐，想要被监督又不想花太多钱,neutral,1.0,1.0,1.0,25,1783469576862.0,"价值与价格,教练方法与关系",教练学习者
25岁之后开始觉醒，原来爱自己才是所有改变的基础 说的太对了,positive,3.9000000000000004,1.0,0.0,30,1778974175128.0,"拖延与行动障碍,自我接纳与成长",积极成长型
允许自己停下来也是一种能力，我花了很久才学会 共勉,neutral,1.3,0.0,0.0,25,1784938186305.0,自我接纳与成长,
精神内耗太严重了，一天下来什么都没做却累得要死,neutral,-1.3,1.0,1.0,23,1778930496025.0,情绪与内耗,情绪内耗型
计划不用太完美，完成比完美更重要,neutral,1.3,1.0,0.0,16,1778923900462.0,目标与计划,
计划不用太完美，完成比完美更重要,neutral,1.3,3.0,2.0,16,1781068076557.0,目标与计划,
目标定了很多次都半途而废，现在学会了把大目标拆成小步骤,neutral,1.3,3.0,0.0,27,1783752190697.0,"目标与计划,拖延与行动障碍","拖延挣扎型,方向迷茫型"
有没有性价比高的教练推荐，想要被监督又不想花太多钱,neutral,1.0,0.0,1.0,25,1779736175216.0,"价值与价格,教练方法与关系",教练学习者
最近最大的成长是学会了对自己说没关系，慢慢来 收藏了,neutral,1.0,1.0,1.0,26,1783017408620.0,自我接纳与成长,积极成长型
有没有性价比高的教练推荐，想要被监督又不想花太多钱,neutral,1.0,0.0,3.0,25,1780930263926.0,"价值与价格,教练方法与关系",教练学习者
拖延症晚期患者求拯救，明明知道该做什么就是不想动 共勉,neutral,-1.0,0.0,0.0,27,1781857243284.0,拖延与行动障碍,拖延挣扎型
不会做计划怎么办，每次计划都做得太满然后完不成更挫败,neutral,0.0,10.0,0.0,26,1780913987872.0,目标与计划,
允许自己停下来也是一种能力，我花了很久才学会,neutral,1.3,0.0,0.0,22,1784706475091.0,自我接纳与成长,
好的教练真的像一面镜子，让你看清自己看不到的盲区,positive,1.6,500.0,0.0,24,1783981050041.0,教练方法与关系,教练学习者
人生没有白走的路，每一步都算数,neutral,0.0,1.0,1.0,15,1778040422663.0,,
从年目标倒推到日计划，这个方法帮我实现了年度flag,positive,2.0,50.0,3.0,26,1778201651937.0,"目标与计划,效率与工具","方向迷茫型,教练学习者"
拖延症晚期患者求拯救，明明知道该做什么就是不想动 加油,neutral,-1.0,1.0,0.0,27,1777591487537.0,拖延与行动障碍,拖延挣扎型
每次想做正事就开始拖延，刷手机刷到半夜然后自责，第二天又重复，怎么打破这个循环,negative,-2.0,0.0,0.0,39,1784924260445.0,拖延与行动障碍,拖延挣扎型
SMART原则真的有用，目标要具体可衡量才有执行力 收藏了,positive,2.6,3.0,0.0,29,1778929972559.0,"目标与计划,效率与工具,拖延与行动障碍",方向迷茫型
允许自己停下来也是一种能力，我花了很久才学会,neutral,1.3,3.0,2.0,22,1777574383482.0,自我接纳与成长,
每天进步一点点，三个月回头看真的被自己惊讶到,neutral,1.3,0.0,1.0,22,1784257549573.0,"自律与习惯,自我接纳与成长",积极成长型
如果有一个AI教练每天在微信里提醒我打卡，我愿意付费,neutral,1.0,3.0,0.0,26,1783385531112.0,"教练方法与关系,自律与习惯,价值与价格","习惯崩盘型,教练学习者"
有没有人一起打卡互相监督，一个人真的坚持不下去,positive,2.6,20.0,1.0,23,1784404377705.0,"自律与习惯,教练方法与关系",习惯崩盘型
每天进步一点点，三个月回头看真的被自己惊讶到,neutral,1.3,0.0,2.0,22,1784143857432.0,"自律与习惯,自我接纳与成长",积极成长型
坚持早起30天了，感觉整个人都不一样了，自律真的能改变人生 收藏了,positive,5.2,1.0,0.0,33,1779147365878.0,"自律与习惯,自我接纳与成长",积极成长型
有没有好用的目标管理工具推荐，想要一个能每天提醒我的,positive,2.0,500.0,0.0,26,1783857518425.0,"目标与计划,效率与工具,自律与习惯",方向迷茫型
教练不是在给你答案，而是在帮你问对的问题,neutral,0.0,0.0,0.0,20,1779570634797.0,教练方法与关系,教练学习者
习惯养成真的好难，前21天简直要命，但熬过去就好了,positive,3.2,3.0,3.0,25,1778650167046.0,自律与习惯,习惯崩盘型
从年目标倒推到日计划，这个方法帮我实现了年度flag,positive,2.0,1000.0,2.0,26,1780204999211.0,"目标与计划,效率与工具","方向迷茫型,教练学习者"
自律不是靠意志力，是靠环境和习惯，把目标融入日常,positive,3.0,5000.0,0.0,24,1783983815894.0,"自律与习惯,目标与计划","习惯崩盘型,方向迷茫型"
坚持早起30天了，感觉整个人都不一样了，自律真的能改变人生 加油,positive,5.2,5.0,2.0,32,1782285971528.0,"自律与习惯,自我接纳与成长",积极成长型
最近最大的成长是学会了对自己说没关系，慢慢来,neutral,1.0,3.0,1.0,22,1782912087967.0,自我接纳与成长,积极成长型
拖延不是懒，是完美主义在作祟，怕做不好所以不开始,negative,-2.0,5.0,3.0,24,1778380812328.0,拖延与行动障碍,拖延挣扎型
每天被焦虑裹挟，明明很努力还是觉得不够好,neutral,0.0,3.0,1.0,20,1778211813778.0,"自律与习惯,情绪与内耗",情绪内耗型
拖延的背后是恐惧，害怕失败所以迟迟不开始,negative,-4.0,50.0,3.0,20,1783676515236.0,"拖延与行动障碍,情绪与内耗",拖延挣扎型
最近最大的成长是学会了对自己说没关系，慢慢来,neutral,1.0,3.0,3.0,22,1783934719315.0,自我接纳与成长,积极成长型
内耗的本质是自我攻击，学会对自己温柔一点,neutral,0.0,5.0,0.0,20,1780855871385.0,情绪与内耗,情绪内耗型
习惯养成真的好难，前21天简直要命，但熬过去就好了 加油,positive,3.2,1.0,1.0,28,1783753462755.0,自律与习惯,习惯崩盘型
拖延的背后是恐惧，害怕失败所以迟迟不开始 共勉,negative,-4.0,3.0,3.0,23,1784985735230.0,"拖延与行动障碍,情绪与内耗",拖延挣扎型
焦虑到失眠，感觉所有人都在前进只有我停在原地,neutral,-1.0,1.0,0.0,22,1784457975794.0,情绪与内耗,情绪内耗型
允许自己做自己，允许别人做别人,positive,2.0,0.0,2.0,15,1780503594267.0,自我接纳与成长,
目标定了很多次都半途而废，现在学会了把大目标拆成小步骤,neutral,1.3,0.0,0.0,27,1783173983788.0,"目标与计划,拖延与行动障碍","拖延挣扎型,方向迷茫型"
25岁之后开始觉醒，原来爱自己才是所有改变的基础 说的太对了,positive,3.9000000000000004,3.0,2.0,30,1781899213864.0,"拖延与行动障碍,自我接纳与成长",积极成长型
人生没有白走的路，每一步都算数,neutral,0.0,20.0,0.0,15,1785014585367.0,,
有没有好用的目标管理工具推荐，想要一个能每天提醒我的,positive,2.0,0.0,2.0,26,1779910101261.0,"目标与计划,效率与工具,自律与习惯",方向迷茫型
如果有一个AI教练每天在微信里提醒我打卡，我愿意付费,neutral,1.0,10.0,3.0,26,1783414263511.0,"教练方法与关系,自律与习惯,价值与价格","习惯崩盘型,教练学习者"
从年目标倒推到日计划，这个方法帮我实现了年度flag,positive,2.0,100.0,1.0,26,1779475576458.0,"目标与计划,效率与工具","方向迷茫型,教练学习者"
自律不是靠意志力，是靠环境和习惯，把目标融入日常,positive,3.0,0.0,1.0,24,1785324579022.0,"自律与习惯,目标与计划","习惯崩盘型,方向迷茫型"
如果有一个AI教练每天在微信里提醒我打卡，我愿意付费,neutral,1.0,5.0,0.0,26,1778812904300.0,"教练方法与关系,自律与习惯,价值与价格","习惯崩盘型,教练学习者"
AI教练真的能替代真人教练吗？感觉少了那种被理解的感觉,neutral,1.3,1.0,0.0,27,1780956432560.0,教练方法与关系,教练学习者
有没有性价比高的教练推荐，想要被监督又不想花太多钱,neutral,1.0,0.0,3.0,25,1779107594695.0,"价值与价格,教练方法与关系",教练学习者
最近最大的成长是学会了对自己说没关系，慢慢来,neutral,1.0,3.0,1.0,22,1781758596140.0,自我接纳与成长,积极成长型
一个好的coach真的能改变你的人生轨迹，感恩,positive,3.2,0.0,10.0,23,1778010118904.0,"教练方法与关系,自我接纳与成长","积极成长型,教练学习者"
有没有人一起打卡互相监督，一个人真的坚持不下去 加油,positive,2.6,0.0,2.0,26,1782373115301.0,"自律与习惯,教练方法与关系",习惯崩盘型
不会做计划怎么办，每次计划都做得太满然后完不成更挫败,neutral,0.0,10.0,0.0,26,1784581792146.0,目标与计划,
内耗是可以停止的。第一步就是允许自己不完美，允许自己慢慢来。,neutral,1.0,3445.0,1.0,30,1780328509294.0,"情绪与内耗,拖延与行动障碍,自我接纳与成长",情绪内耗型
允许自己做自己，允许别人做别人,positive,2.0,1.0,3.0,15,1784928345414.0,自我接纳与成长,
有没有好用的目标管理工具推荐，想要一个能每天提醒我的 说的太对了,positive,2.6,10.0,0.0,32,1783601465432.0,"目标与计划,效率与工具,自律与习惯",方向迷茫型
抑郁情绪来的时候什么都不想做，这个时候不逼自己才是对的,neutral,-1.0,3.0,0.0,27,1782957882557.0,情绪与内耗,情绪内耗型
坚持早起30天了，感觉整个人都不一样了，自律真的能改变人生 同感,positive,5.2,5.0,2.0,32,1778211308177.0,"自律与习惯,自我接纳与成长",积极成长型
好的教练真的像一面镜子，让你看清自己看不到的盲区,positive,1.6,100.0,0.0,24,1784802147579.0,教练方法与关系,教练学习者
坚持早起30天了，感觉整个人都不一样了，自律真的能改变人生 共勉,positive,5.2,1.0,1.0,32,1778355444889.0,"自律与习惯,自我接纳与成长",积极成长型
每天三个最重要的事，做完就收工，这个方法让我不再焦虑,neutral,-1.0,3.0,5.0,26,1777580174874.0,"自律与习惯,效率与工具,情绪与内耗","情绪内耗型,教练学习者"
AI教练真的能替代真人教练吗？感觉少了那种被理解的感觉,neutral,1.3,1.0,1.0,27,1778796151079.0,教练方法与关系,教练学习者
我也总是拖延，看了很多方法都没用，感觉需要有人盯着我才能动起来,negative,-2.0,3.0,0.0,31,1783179314383.0,"拖延与行动障碍,效率与工具","拖延挣扎型,教练学习者"
不要等到准备好了再开始，先做了再说，路是走出来的,neutral,1.3,1.0,0.0,24,1782312474794.0,拖延与行动障碍,
花了钱才更珍惜，免费的课程根本不会听完,neutral,0.0,3.0,0.0,19,1782567096999.0,价值与价格,
找教练有用吗？价格不便宜但确实帮我突破了瓶颈,neutral,0.0,1.0,1.0,22,1779513819001.0,"教练方法与关系,价值与价格,自我接纳与成长","积极成长型,教练学习者"
25岁之后开始觉醒，原来爱自己才是所有改变的基础,positive,3.0,3.0,1.0,24,1779531078707.0,"拖延与行动障碍,自我接纳与成长",积极成长型
人的改变真的是从接纳开始的，越抗拒越痛苦,positive,2.6,50.0,1.0,20,1778773268296.0,"自我接纳与成长,拖延与行动障碍",积极成长型
教练不是在给你答案，而是在帮你问对的问题,neutral,0.0,3.0,3.0,20,1783346626243.0,教练方法与关系,教练学习者
坚持早起30天了，感觉整个人都不一样了，自律真的能改变人生 同感,positive,5.2,10.0,3.0,32,1781353665549.0,"自律与习惯,自我接纳与成长",积极成长型
教练不是在给你答案，而是在帮你问对的问题,neutral,0.0,10.0,0.0,20,1782646477785.0,教练方法与关系,教练学习者
找教练有用吗？价格不便宜但确实帮我突破了瓶颈 加油,neutral,0.0,3.0,2.0,25,1779605458386.0,"教练方法与关系,价值与价格,自我接纳与成长","积极成长型,教练学习者"
有没有人一起打卡互相监督，一个人真的坚持不下去,positive,2.6,1.0,1.0,23,1778724866075.0,"自律与习惯,教练方法与关系",习惯崩盘型
SMART原则真的有用，目标要具体可衡量才有执行力,positive,2.6,5.0,2.0,25,1783000617236.0,"目标与计划,效率与工具,拖延与行动障碍",方向迷茫型
找教练有用吗？价格不便宜但确实帮我突破了瓶颈,neutral,0.0,5.0,2.0,22,1783174002555.0,"教练方法与关系,价值与价格,自我接纳与成长","积极成长型,教练学习者"
拖延不是懒，是完美主义在作祟，怕做不好所以不开始 说的太对了,negative,-2.6,1.0,0.0,30,1783375180852.0,拖延与行动障碍,拖延挣扎型
道理都懂就是做不到，说的就是我本人了,neutral,0.0,0.0,0.0,18,1777814060539.0,,
接纳自己的不完美才是治愈的开始,positive,2.0,0.0,1.0,15,1783188093304.0,"自我接纳与成长,拖延与行动障碍",
教练课程太贵了，一个月几千块真的负担不起,neutral,0.0,0.0,3.0,20,1783489610894.0,"教练方法与关系,价值与价格",教练学习者
教练不是在给你答案，而是在帮你问对的问题,neutral,0.0,0.0,5.0,20,1782912556703.0,教练方法与关系,教练学习者
内耗的本质是自我攻击，学会对自己温柔一点,neutral,0.0,5.0,2.0,20,1780365203234.0,情绪与内耗,情绪内耗型
有没有性价比高的教练推荐，想要被监督又不想花太多钱,neutral,1.0,3.0,3.0,25,1784366876614.0,"价值与价格,教练方法与关系",教练学习者
教练和心理咨询师的区别是什么？感觉教练更注重行动和未来 说的太对了,neutral,1.3,5.0,1.0,33,1777772759040.0,"教练方法与关系,拖延与行动障碍",教练学习者
允许自己停下来也是一种能力，我花了很久才学会,neutral,1.3,3.0,1.0,22,1781517509513.0,自我接纳与成长,
从年目标倒推到日计划，这个方法帮我实现了年度flag,positive,2.0,10.0,0.0,26,1779398574563.0,"目标与计划,效率与工具","方向迷茫型,教练学习者"
坚持早起30天了，感觉整个人都不一样了，自律真的能改变人生,positive,5.2,5.0,5.0,29,1779546721400.0,"自律与习惯,自我接纳与成长",积极成长型
有没有好用的目标管理工具推荐，想要一个能每天提醒我的,positive,2.0,0.0,1.0,26,1783715600072.0,"目标与计划,效率与工具,自律与习惯",方向迷茫型
内耗的本质是自我攻击，学会对自己温柔一点 同感,neutral,0.0,0.0,0.0,23,1780987133674.0,情绪与内耗,情绪内耗型
道理都懂就是做不到，说的就是我本人了,neutral,0.0,0.0,0.0,18,1784744434795.0,,
接纳自己的不完美才是治愈的开始,positive,2.0,5000.0,0.0,15,1783043522715.0,"自我接纳与成长,拖延与行动障碍",
不要等到准备好了再开始，先做了再说，路是走出来的,neutral,1.3,1.0,0.0,24,1777975581765.0,拖延与行动障碍,
成长就是接纳自己的普通然后依然努力,positive,2.0,1.0,0.0,17,1783394737063.0,自我接纳与成长,积极成长型
计划不用太完美，完成比完美更重要,neutral,1.3,1.0,1.0,16,1780499251648.0,目标与计划,
我也总是拖延，看了很多方法都没用，感觉需要有人盯着我才能动起来,negative,-2.0,0.0,1.0,31,1783276193381.0,"拖延与行动障碍,效率与工具","拖延挣扎型,教练学习者"
焦虑到失眠，感觉所有人都在前进只有我停在原地,neutral,-1.0,5.0,0.0,22,1782839941407.0,情绪与内耗,情绪内耗型
教练不是在给你答案，而是在帮你问对的问题,neutral,0.0,500.0,0.0,20,1781489835619.0,教练方法与关系,教练学习者
不会做计划怎么办，每次计划都做得太满然后完不成更挫败,neutral,0.0,1.0,0.0,26,1783519279578.0,目标与计划,
允许自己做自己，允许别人做别人,positive,2.0,500.0,0.0,15,1781669232879.0,自我接纳与成长,
人的改变真的是从接纳开始的，越抗拒越痛苦 说的太对了,positive,3.2,50.0,1.0,26,1780318779195.0,"自我接纳与成长,拖延与行动障碍",积极成长型
坚持早起30天了，感觉整个人都不一样了，自律真的能改变人生,positive,5.2,10.0,0.0,29,1783643210305.0,"自律与习惯,自我接纳与成长",积极成长型
找一个搭子一起自律真的很重要，互相监督比一个人坚持容易太多了,positive,3.2,0.0,1.0,30,1783945492593.0,"自律与习惯,教练方法与关系",
坚持早起30天了，感觉整个人都不一样了，自律真的能改变人生 同感,positive,5.2,5.0,2.0,32,1783975860780.0,"自律与习惯,自我接纳与成长",积极成长型
拖延症晚期患者求拯救，明明知道该做什么就是不想动,neutral,-1.0,0.0,10.0,24,1779467900840.0,拖延与行动障碍,拖延挣扎型
内耗的本质是自我攻击，学会对自己温柔一点,neutral,0.0,500.0,0.0,20,1781094904909.0,情绪与内耗,情绪内耗型
教练不是在给你答案，而是在帮你问对的问题,neutral,0.0,20.0,5.0,20,1784007120768.0,教练方法与关系,教练学习者
最近最大的成长是学会了对自己说没关系，慢慢来,neutral,1.0,0.0,1.0,22,1779116561108.0,自我接纳与成长,积极成长型
拖延不是懒，是完美主义在作祟，怕做不好所以不开始,negative,-2.0,20.0,1.0,24,1778788169360.0,拖延与行动障碍,拖延挣扎型
找教练有用吗？价格不便宜但确实帮我突破了瓶颈,neutral,0.0,3.0,0.0,22,1782170692577.0,"教练方法与关系,价值与价格,自我接纳与成长","积极成长型,教练学习者"
允许自己停下来也是一种能力，我花了很久才学会,neutral,1.3,3.0,0.0,22,1780603309544.0,自我接纳与成长,
允许自己停下来也是一种能力，我花了很久才学会,neutral,1.3,0.0,1.0,22,1778597758242.0,自我接纳与成长,
拖延症晚期患者求拯救，明明知道该做什么就是不想动 说的太对了,neutral,-1.3,5.0,1.0,30,1777770908443.0,拖延与行动障碍,拖延挣扎型
我也总是拖延，看了很多方法都没用，感觉需要有人盯着我才能动起来,negative,-2.0,1.0,2.0,31,1780905176108.0,"拖延与行动障碍,效率与工具","拖延挣扎型,教练学习者"
精神内耗太严重了，一天下来什么都没做却累得要死,neutral,-1.3,3.0,3.0,23,1778071397009.0,情绪与内耗,情绪内耗型
有没有好用的目标管理工具推荐，想要一个能每天提醒我的,positive,2.0,0.0,3.0,26,1782348727492.0,"目标与计划,效率与工具,自律与习惯",方向迷茫型
拖延不是懒，是完美主义在作祟，怕做不好所以不开始,negative,-2.0,5.0,0.0,24,1782944094944.0,拖延与行动障碍,拖延挣扎型
道理都懂就是做不到，说的就是我本人了 加油,neutral,0.0,1.0,1.0,21,1779898682139.0,,
找一个搭子一起自律真的很重要，互相监督比一个人坚持容易太多了,positive,3.2,5.0,0.0,30,1781551301856.0,"自律与习惯,教练方法与关系",
遇到了一个很好的教练，她总是不评判我，只是耐心地听我说然后问我问题,positive,1.6,1.0,1.0,33,1780672498993.0,教练方法与关系,教练学习者
内耗的本质是自我攻击，学会对自己温柔一点,neutral,0.0,3.0,1.0,20,1780565891242.0,情绪与内耗,情绪内耗型
遇到了一个很好的教练，她总是不评判我，只是耐心地听我说然后问我问题,positive,1.6,500.0,1.0,33,1783746547151.0,教练方法与关系,教练学习者
每次想做正事就开始拖延，刷手机刷到半夜然后自责，第二天又重复，怎么打破这个循环,negative,-2.0,0.0,2.0,39,1780752546846.0,拖延与行动障碍,拖延挣扎型
精神内耗太严重了，一天下来什么都没做却累得要死,neutral,-1.3,3.0,1.0,23,1780906095862.0,情绪与内耗,情绪内耗型
计划不用太完美，完成比完美更重要,neutral,1.3,0.0,0.0,16,1780775862473.0,目标与计划,
计划不用太完美，完成比完美更重要 共勉,neutral,1.3,1.0,0.0,19,1781554904681.0,目标与计划,
不要等到准备好了再开始，先做了再说，路是走出来的,neutral,1.3,1.0,0.0,24,1780546892381.0,拖延与行动障碍,
拖延的背后是恐惧，害怕失败所以迟迟不开始,negative,-4.0,50.0,0.0,20,1783639646824.0,"拖延与行动障碍,情绪与内耗",拖延挣扎型
坚持早起30天了，感觉整个人都不一样了，自律真的能改变人生,positive,5.2,1.0,1.0,29,1783661286215.0,"自律与习惯,自我接纳与成长",积极成长型
拖延不是懒，是完美主义在作祟，怕做不好所以不开始,negative,-2.0,1.0,5.0,24,1781543570484.0,拖延与行动障碍,拖延挣扎型
道理都懂就是做不到，说的就是我本人了,neutral,0.0,20.0,3.0,18,1784709350614.0,,
坚持早起30天了，感觉整个人都不一样了，自律真的能改变人生,positive,5.2,0.0,0.0,29,1777600151479.0,"自律与习惯,自我接纳与成长",积极成长型
接纳自己的不完美才是治愈的开始 说的太对了,positive,2.6,10.0,1.0,21,1777613337831.0,"自我接纳与成长,拖延与行动障碍",
抑郁情绪来的时候什么都不想做，这个时候不逼自己才是对的,neutral,-1.0,10.0,3.0,27,1779103138491.0,情绪与内耗,情绪内耗型
焦虑到失眠，感觉所有人都在前进只有我停在原地,neutral,-1.0,3.0,2.0,22,1778705307598.0,情绪与内耗,情绪内耗型
目标定了很多次都半途而废，现在学会了把大目标拆成小步骤,neutral,1.3,1.0,0.0,27,1779052882885.0,"目标与计划,拖延与行动障碍","拖延挣扎型,方向迷茫型"
焦虑到失眠，感觉所有人都在前进只有我停在原地,neutral,-1.0,1.0,1.0,22,1781433755419.0,情绪与内耗,情绪内耗型
遇到了一个很好的教练，她总是不评判我，只是耐心地听我说然后问我问题 共勉,positive,1.6,0.0,1.0,36,1783544586152.0,教练方法与关系,教练学习者
内耗的本质是自我攻击，学会对自己温柔一点,neutral,0.0,0.0,0.0,20,1778645137934.0,情绪与内耗,情绪内耗型
教练不是在给你答案，而是在帮你问对的问题,neutral,0.0,10.0,5.0,20,1780123141214.0,教练方法与关系,教练学习者
有没有好用的目标管理工具推荐，想要一个能每天提醒我的,positive,2.0,0.0,1.0,26,1778062676924.0,"目标与计划,效率与工具,自律与习惯",方向迷茫型
内耗的本质是自我攻击，学会对自己温柔一点,neutral,0.0,0.0,2.0,20,1781486842008.0,情绪与内耗,情绪内耗型
找一个搭子一起自律真的很重要，互相监督比一个人坚持容易太多了,positive,3.2,1.0,0.0,30,1782640781956.0,"自律与习惯,教练方法与关系",
AI教练真的能替代真人教练吗？感觉少了那种被理解的感觉 共勉,neutral,1.3,1.0,1.0,30,1782102143739.0,教练方法与关系,教练学习者
允许自己停下来也是一种能力，我花了很久才学会 说的太对了,positive,1.6,1.0,3.0,28,1780515582514.0,自我接纳与成长,
拖延的背后是恐惧，害怕失败所以迟迟不开始,negative,-4.0,0.0,20.0,20,1779671137441.0,"拖延与行动障碍,情绪与内耗",拖延挣扎型
我也总是拖延，看了很多方法都没用，感觉需要有人盯着我才能动起来 同感,negative,-2.0,1.0,1.0,34,1781205025533.0,"拖延与行动障碍,效率与工具","拖延挣扎型,教练学习者"
习惯养成真的好难，前21天简直要命，但熬过去就好了,positive,3.2,20.0,0.0,25,1779945976818.0,自律与习惯,习惯崩盘型
花了钱才更珍惜，免费的课程根本不会听完,neutral,0.0,0.0,1.0,19,1781378553955.0,价值与价格,
目标定了很多次都半途而废，现在学会了把大目标拆成小步骤 收藏了,neutral,1.3,3.0,0.0,31,1780524346425.0,"目标与计划,拖延与行动障碍","拖延挣扎型,方向迷茫型"
每天被焦虑裹挟，明明很努力还是觉得不够好 收藏了,neutral,0.0,1.0,0.0,24,1779495914047.0,"自律与习惯,情绪与内耗",情绪内耗型
拖延不是懒，是完美主义在作祟，怕做不好所以不开始,negative,-2.0,1.0,0.0,24,1778910194697.0,拖延与行动障碍,拖延挣扎型
拖延的背后是恐惧，害怕失败所以迟迟不开始,negative,-4.0,5.0,1.0,20,1783638509072.0,"拖延与行动障碍,情绪与内耗",拖延挣扎型
焦虑到失眠，感觉所有人都在前进只有我停在原地,neutral,-1.0,1.0,5.0,22,1782073778675.0,情绪与内耗,情绪内耗型
内耗的本质是自我攻击，学会对自己温柔一点,neutral,0.0,3.0,0.0,20,1778772676162.0,情绪与内耗,情绪内耗型
允许自己停下来也是一种能力，我花了很久才学会,neutral,1.3,0.0,2.0,22,1781957137519.0,自我接纳与成长,
如果有一个AI教练每天在微信里提醒我打卡，我愿意付费,neutral,1.0,3.0,0.0,26,1782473716816.0,"教练方法与关系,自律与习惯,价值与价格","习惯崩盘型,教练学习者"
自律打卡第100天，从一个摆烂的人变成现在的自己，感谢那个没放弃的我,neutral,1.0,5.0,3.0,34,1779863907402.0,自律与习惯,习惯崩盘型
自律打卡第100天，从一个摆烂的人变成现在的自己，感谢那个没放弃的我 说的太对了,neutral,1.3,3.0,2.0,40,1785249582537.0,自律与习惯,习惯崩盘型
花了钱才更珍惜，免费的课程根本不会听完,neutral,0.0,0.0,1.0,19,1783939142220.0,价值与价格,
抑郁情绪来的时候什么都不想做，这个时候不逼自己才是对的 加油,neutral,-1.0,3.0,5.0,30,1778102290631.0,情绪与内耗,情绪内耗型
允许自己做自己，允许别人做别人,positive,2.0,1.0,1.0,15,1784660861988.0,自我接纳与成长,
每天进步一点点，三个月回头看真的被自己惊讶到,neutral,1.3,0.0,3.0,22,1780948298777.0,"自律与习惯,自我接纳与成长",积极成长型
AI教练真的能替代真人教练吗？感觉少了那种被理解的感觉 共勉,neutral,1.3,0.0,1.0,30,1780531165353.0,教练方法与关系,教练学习者
内耗的本质是自我攻击，学会对自己温柔一点,neutral,0.0,3.0,1.0,20,1783922292051.0,情绪与内耗,情绪内耗型
道理都懂就是做不到，说的就是我本人了,neutral,0.0,0.0,1.0,18,1777723574753.0,,
教练和心理咨询师的区别是什么？感觉教练更注重行动和未来,neutral,1.0,1.0,0.0,27,1781526902271.0,"教练方法与关系,拖延与行动障碍",教练学习者
每天被焦虑裹挟，明明很努力还是觉得不够好 加油,neutral,0.0,0.0,2.0,23,1784169443447.0,"自律与习惯,情绪与内耗",情绪内耗型
25岁之后开始觉醒，原来爱自己才是所有改变的基础 加油,positive,3.0,20.0,0.0,27,1784429608083.0,"拖延与行动障碍,自我接纳与成长",积极成长型
允许自己做自己，允许别人做别人,positive,2.0,10.0,2.0,15,1778758651318.0,自我接纳与成长,
每天三个最重要的事，做完就收工，这个方法让我不再焦虑,neutral,-1.0,20.0,0.0,26,1783888411718.0,"自律与习惯,效率与工具,情绪与内耗","情绪内耗型,教练学习者"
接纳自己的不完美才是治愈的开始 共勉,positive,2.0,0.0,2.0,18,1781042400382.0,"自我接纳与成长,拖延与行动障碍",
教练和心理咨询师的区别是什么？感觉教练更注重行动和未来,neutral,1.0,5.0,1.0,27,1783752918703.0,"教练方法与关系,拖延与行动障碍",教练学习者
找教练有用吗？价格不便宜但确实帮我突破了瓶颈,neutral,0.0,0.0,1.0,22,1782635205536.0,"教练方法与关系,价值与价格,自我接纳与成长","积极成长型,教练学习者"
找一个搭子一起自律真的很重要，互相监督比一个人坚持容易太多了 加油,positive,3.2,1.0,0.0,33,1781682175546.0,"自律与习惯,教练方法与关系",
教练课程太贵了，一个月几千块真的负担不起,neutral,0.0,1.0,0.0,20,1780964162393.0,"教练方法与关系,价值与价格",教练学习者
成长就是接纳自己的普通然后依然努力,positive,2.0,5.0,0.0,17,1781136722801.0,自我接纳与成长,积极成长型
坚持早起30天了，感觉整个人都不一样了，自律真的能改变人生,positive,5.2,1.0,0.0,29,1781388042106.0,"自律与习惯,自我接纳与成长",积极成长型
不要等到准备好了再开始，先做了再说，路是走出来的,neutral,1.3,0.0,0.0,24,1778814819829.0,拖延与行动障碍,
每天三个最重要的事，做完就收工，这个方法让我不再焦虑,neutral,-1.0,10.0,1.0,26,1780523736920.0,"自律与习惯,效率与工具,情绪与内耗","情绪内耗型,教练学习者"
免费的东西往往最贵，好的服务值得付费,positive,2.6,1.0,0.0,18,1780829156678.0,价值与价格,
我理解作者要表达的意思了，当想做一件事情但是没有恰当（完美）的情绪的时候，我们对数会先想要捋清情绪再去做事，但是事情是慢慢完成的，我们可以尝试一边接纳情绪一边处理事情。类似于“路是走出来的不是想出来”。,positive,3.0,5006.0,40.0,101,1750341875000.0,自我接纳与成长,
我有点相反，我是如果觉得情绪状态不对就换一个事情做，跟着感觉走，然后自然而然就顺了，做了几件事就能轮到一开始要做的,neutral,0.0,470.0,15.0,57,1750370602000.0,拖延与行动障碍,
这是一个思维陷阱,neutral,0.0,87.0,10.0,8,1750169069000.0,,
说的对。排除一种情况。有情绪是不要做决策。有些人在情绪很激动的时候容易做出错误的决定。所以。边哭边做决定是不可取的。,neutral,-1.3,49.0,2.0,58,1750334439000.0,,
我就有个毛病，比如在减肥运动，我睡觉前会想明天做什么运动，运动多久，或者吃什么减脂餐，会想好久导致我失眠，真的很烦,neutral,0.0,4.0,3.0,57,1751703326000.0,拖延与行动障碍,
一见你就有放松感，好亲切啊！,neutral,1.3,0.0,3.0,14,1751975259000.0,,
我说呢，为什么越焦虑越压力，我越要干，越要做事，解决问题，当我把这个压力，说给别人听的时候并不是让别人帮我解决，只是单纯的想跟别人诉说，他们叫我去玩啊，叫我去放松心情，我立刻反驳说不，玩解决不了我的问题，而且出去玩我也不会开心的，他们就觉得很奇怪，觉得有压力了，就应该出去放松，我并不这么认为，因为这个方法并不适合我（我确切的知道怎么解决我这个情绪怎么解决我这个问题，并且我知道没有人能帮我解决的了，只有我自己，只要问题解决了，我心情才会好，只有正在做这件事情，正在解决这件事情，我才会心情好，所以那次第一次那么压力，那么焦虑的时候，我一个人去咖啡厅连坐了九个小时处理，在解决的过程中我心情变好了）,negative,-5.699999999999999,1.0,2.0,299,1756462130000.0,"情绪与内耗,效率与工具","情绪内耗型,教练学习者"
王阳明：知行合一，在实践中检验心中已有的道理。我的理解不要脑子想来想去，干就完了，方向错了再调整，踌躇不干只是浪费时间,neutral,1.0,11.0,1.0,59,1751887376000.0,目标与计划,方向迷茫型
但这不是不管自己吗 不照顾自己感受 有点工具化自己 我还做不到带着情绪前进，我要把它化解了才能有动力，动力是我最大的问题，不过拖延和完美主义非常严重,neutral,1.3,2.0,2.0,74,1751384009000.0,"效率与工具,拖延与行动障碍",拖延挣扎型
是时候祭上这张图了,neutral,0.0,39.0,1.0,9,1750748765000.0,,
1、计划能做得很详细 ；2、能耐下性子做一些枯燥的事；3、平时大大咧咧，但做事很认真，原来抄别人作业和笔记总能发现错别字[捂脸R][捂脸R]  4、擅于倾听偶尔能帮他人排解；5、扛训算吗，我老师喊着训我都没什么情绪波动[失望R][失望R] 我朋友说我适合科研或者大学老师的路线[笑哭R][笑哭R],negative,-6.4,47.0,18.0,148,1752773713000.0,"目标与计划,效率与工具,教练方法与关系",
想了半天 废寝忘食想做的有两件事：睡觉、吃饭[抠鼻R],neutral,0.0,70.0,8.0,27,1753538476000.0,,
博主姐姐可以帮我分析下嘛，比较迷茫，不知道适合做什么[笑哭R][笑哭R],negative,-3.0,8.0,10.0,36,1755218389000.0,"效率与工具,情绪与内耗",方向迷茫型
做各种手工，从小就喜欢，被大人们认为没啥用耽误学习[笑哭R]，现在终于可以肆无忌惮的施展了，因为有工作保底，就不会有顾虑，纯属兴趣，确带来了额外收入[害羞R][害羞R],neutral,0.0,82.0,15.0,84,1754667890000.0,,
40岁了，啥也不是,neutral,0.0,4.0,4.0,9,1754692033000.0,,
请问能不能帮我看看[doge],neutral,0.0,3.0,6.0,15,1753245330000.0,,
我的不费力清单：总是能在买东西不看价格的情况下，一眼挑中最贵的。算不算天赋[笑哭R],neutral,-1.0,51.0,3.0,42,1755145670000.0,"目标与计划,价值与价格",
1.我的某些模仿能力比较强，比如我从没学过画画，自己画不出来但是我会临摹，还挺像模像样，上学画的黑板报基本都能上校报,neutral,0.0,8.0,6.0,58,1753877593000.0,,
好像找不到擅长的，迷茫中，压力大。,negative,-2.0,13.0,6.0,17,1752860994000.0,情绪与内耗,"方向迷茫型,情绪内耗型"
我从小就很崇拜老师这个职业，后来自从我生了女儿之后，我又发现我特别喜欢孩子，我感觉我特别理解孩子，然后我就知道我该从事的职业是什么了：幼儿教师，我做了18年的幼儿教师，在这18年里，虽然幼儿教师很辛苦，但是对于我来说，每天的工作就是一种享受，因为我特别享受和孩子们在一起的每一天，能找到自己特别喜欢做的事情，并且还能当作职业来做，真的是一件特别幸福的事情。,positive,13.6,7.0,2.0,178,1753102888000.0,自律与习惯,
总结视频内容@问一问,neutral,0.0,0.0,1.0,10,1779280671000.0,效率与工具,
我把Chatgpt那一段输入进去了，给我的反馈和Ali的差不多，感觉现在大家焦虑都是我有用所以我存在。有点感慨,neutral,0.0,15.0,2.0,55,1754302212000.0,"教练方法与关系,情绪与内耗",情绪内耗型
@@问一问 总结一下这个视频内容,neutral,0.0,0.0,1.0,16,1779784364000.0,效率与工具,
"ai能做的事情：
  1.   让他向你提问
  2.   让他chanllenge你
  3.   让他为你解释原理
  4.   让他给出建议
  5.   让他总结过往对话，得出insights，或者找到内心的恐惧
  6.   reflection 反思

实操：
  1.   给的材料越多，越能提供个性化和有针对性的输出
  2.   提出自己的困惑/或者让ai发现自己未曾察觉的事情
  3.   mostly role play-让ai扮演90岁的自己，让ai扮演一个严厉的教官，让ai扮演自己喜欢的一本书的作者，让ai模拟一个博客对话（邀请两位大佬从不同角度对话）",neutral,-1.0,7.0,1.0,291,1760278666000.0,"教练方法与关系,效率与工具,情绪与内耗",方向迷茫型
What AI would you suggest to use? Thank you.,neutral,0.0,3.0,5.0,44,1754233545000.0,,
能做到用AI工具高效自我教练的人，本身就需要有过很长的被人教练的经历，从而发展出了很强的自我反思力、清晰的表达能力、对求助问题和对象的判断力、对问题解决的强理智思维、以及不会过度依赖AI的自我行动力，如果这些都能做到，那确实可以更多通过工具进行自我教练。但现实中，大多数来求助的人其实不清楚人生教练是如何工作和起作用的，对他个人的价值具体是在哪里。更别说完全自主的自我反思了。实际上在教练中，很大一部分的价值是除了激发反思之外，客户从人的交互中感到真实的被看见被听见，在困境和迷茫中被陪伴和支持的感受。,positive,7.800000000000001,41.0,2.0,251,1754292029000.0,"效率与工具,教练方法与关系,拖延与行动障碍,自我接纳与成长,情绪与内耗","方向迷茫型,教练学习者"
思想意识很强👍,neutral,0.0,1.0,1.0,7,1754310560000.0,,
Please.could you speak more slowly[喝奶茶R],neutral,0.0,5.0,2.0,40,1754192932000.0,,
请问最后指令的那个post在哪呀？没看到,neutral,0.0,0.0,1.0,20,1776228457000.0,,
，然后就去吃灰了,neutral,0.0,1.0,1.0,8,1754219355000.0,,
做不成事只有一个，只要是我做就不成[微笑R],neutral,0.0,4.0,5.0,22,1785310002000.0,,
跟愿力没有关系，要有个人得能力，其次，对于判断力，预测力有精准的要求,neutral,1.0,70.0,55.0,34,1776152385000.0,,
所以，愿力是什么？,neutral,0.0,2.0,6.0,9,1780710430000.0,,
生意越难做钱越值钱，因为人赚不到钱了就节约了,neutral,0.0,1.0,0.0,22,1785474999000.0,,
比起能力更重要的，是一个人的思维方式。,neutral,0.0,0.0,0.0,19,1785481613000.0,,
学会了，愿力最大,neutral,0.0,7.0,6.0,8,1773385080000.0,,
根本还在愿力上 直接影响其它！一切源于元神归位,neutral,0.0,0.0,0.0,23,1785470458000.0,,
怎么做到愿力呢？,neutral,1.0,3.0,11.0,8,1773484133000.0,,
格局要跟得上进步的节奏！,neutral,1.0,0.0,0.0,12,1785459348000.0,自我接纳与成长,积极成长型
愿力看起来简单，其实要有真实的、有力量的愿力是很难的。,positive,2.6,55.0,12.0,27,1773471085000.0,,
hello我是曝曝，一名会画画的整合疗愈师，很高兴大家能喜欢我的内容[飞吻R]将持续更新，用100天时间带大家认识自我，突破自我,positive,2.6,11.0,1.0,64,1724068451000.0,自我接纳与成长,积极成长型
怎么加入,neutral,0.0,0.0,1.0,4,1724857476000.0,,
画的好好看啊老师 求出壁纸头像[萌萌哒R][萌萌哒R],neutral,0.0,1.0,1.0,27,1724521637000.0,,
1,neutral,0.0,1.0,1.0,1,1724419285000.0,,
1,neutral,0.0,1.0,1.0,1,1724389984000.0,,
1,neutral,0.0,1.0,1.0,1,1724497136000.0,,
1,neutral,0.0,0.0,1.0,1,1724177703000.0,,
+,neutral,0.0,1.0,1.0,1,1726128311000.0,,
1,neutral,0.0,1.0,1.0,1,1725893081000.0,,
1,neutral,0.0,0.0,1.0,1,1724138959000.0,,
这个1-10怎么解读呢？我是按照5分=符合预期来写的,neutral,0.0,4.0,2.0,26,1778402654000.0,,
写完0分感觉应该是负分[捂脸R],neutral,0.0,39.0,3.0,16,1778471263000.0,,
填完直接感觉自己啥都没有想321跳了[捂脸R],neutral,0.0,36.0,1.0,23,1778603257000.0,,
为啥我感觉每个都是非常低。,neutral,0.0,11.0,1.0,13,1778430111000.0,,
@@,neutral,0.0,0.0,2.0,2,1779345584000.0,,
572711171,neutral,0.0,0.0,2.0,9,1778774090000.0,,
9 9 7 4 4 8 8 10 2,neutral,0.0,0.0,2.0,18,1778853496000.0,,
,neutral,0.0,0.0,2.0,0,1779299560000.0,,
1 3 3 3 6 7 7 3 6,neutral,0.0,1.0,2.0,17,1778848769000.0,,
,neutral,0.0,1.0,2.0,0,1778581555000.0,,
26年的更新出来了，请移步置顶🔝哦[偷笑R],neutral,0.0,0.0,0.0,22,1777277552000.0,,
要考什么证书嘛,neutral,0.0,0.0,8.0,7,1744811144000.0,,
今年书单有了[偷笑R],neutral,0.0,1.0,2.0,11,1734855809000.0,,
有没有宝宝可以一起读书的~,neutral,0.0,1.0,1.0,13,1749123593000.0,,
又牛逼了,neutral,0.0,1.0,1.0,4,1720494462000.0,,
教练和心理咨询师的相同和不同分别是什么？,neutral,0.0,1.0,1.0,20,1724889736000.0,教练方法与关系,教练学习者
初级阶段读教练的书有推荐吗,neutral,1.0,0.0,3.0,13,1751675445000.0,"目标与计划,教练方法与关系",教练学习者
书单很棒的书单哦,neutral,0.0,1.0,1.0,8,1747178341000.0,,
这些书单很实用。清明节跟孩子一起读，正好。,neutral,1.3,2.0,0.0,21,1775373928000.0,,
我也是一名教练，希望与你多链接,neutral,1.0,0.0,1.0,15,1780890862000.0,教练方法与关系,教练学习者
找擅长CBT的心理咨询师/心理治疗师吧,neutral,0.0,11.0,3.0,19,1763755393000.0,,
不咋样，life coach动不动让我跟chatGPT商量完了再跟她聊。于是我跟chat GPT商量了一下决定把life coaching停掉了。退款还没到手[doge],neutral,0.0,578.0,23.0,85,1763725908000.0,教练方法与关系,教练学习者
花四千你可以读一个life coach,neutral,0.0,174.0,7.0,19,1763736854000.0,教练方法与关系,教练学习者
这真的是ICF认证的人生教练吗？那么奇怪,neutral,0.0,11.0,15.0,20,1763743463000.0,教练方法与关系,教练学习者
最开始是什么让你决定和他进入长期教练的呢,neutral,0.0,4.0,4.0,20,1763739265000.0,"拖延与行动障碍,教练方法与关系",教练学习者
我自己就是life coach虽然是acc，就是初级。我现在已经不太用教练技术了，因为教练技术本质就是用心理学的理念和技术来协助功能中性到正常的人群解决日常的问题。它的优势在于比较正向的包装。区别于心理咨询甚至心理治疗，会让人觉得比较容易接受。但是因为技术比较单一，其实很多时候都是浅尝辄止。而且我觉得至少我接受的大部分来访者的问题都是心理问题，需要心理咨询来解决。教练解决不了。,neutral,0.0,32.0,3.0,190,1763794121000.0,"教练方法与关系,自律与习惯",教练学习者
这个是不是GPT直接就可以替代了，还24小时随叫随到,neutral,0.0,256.0,15.0,26,1763725585000.0,,
那我们做免费心理咨询的算什么[笑哭R],neutral,-1.0,1.0,2.0,19,1763756880000.0,价值与价格,
这里面有好几条都是我坚持了几年的，没找coach，自己摸索出来的，工具没有价值，有价值的是执行,neutral,1.0,19.0,4.0,47,1763737040000.0,"自律与习惯,教练方法与关系,效率与工具",教练学习者
怎么觉得您接触的life Coach跟我所学习和工作的方式不太一样？方便问一下是什么体系的嘛？,neutral,1.0,0.0,2.0,47,1764223385000.0,教练方法与关系,
我在事业编有稳定工作，但老是感到压抑，突破又转型又失败，能咨询不,neutral,0.0,8.0,6.0,32,1695781095000.0,自我接纳与成长,积极成长型
是负责多长时间的呢？,neutral,0.0,2.0,5.0,10,1688828932000.0,,
咨询一下,neutral,0.0,1.0,3.0,4,1736160671000.0,,
咨询,neutral,0.0,3.0,2.0,2,1699243687000.0,,
您好，咨询如何收费,neutral,0.0,2.0,2.0,9,1703308438000.0,价值与价格,
下周有时间进行咨询吗？老师,neutral,0.0,1.0,2.0,13,1739631143000.0,,
请问国家认证生涯规划师是在哪里考呢？,neutral,0.0,0.0,2.0,18,1689693137000.0,目标与计划,教练学习者
大二的大学生想找您规划一下，怎么联系,neutral,0.0,1.0,1.0,18,1708729393000.0,目标与计划,
你好，如何咨询？,neutral,0.0,1.0,1.0,8,1698913234000.0,,
你好，请问怎么收费，求职陪跑,neutral,0.0,1.0,1.0,14,1697612942000.0,价值与价格,
人生教练在国外很常见，以前主要是服务于外企高管、明星、运动员、政要等需要创造性解决问题的人群，后续慢慢的到人生和生活的其他领域，底层的工作逻辑是P=P-I，高绩效表现=激发动力、消除内在干扰。对于帮助他人找到人生方向的部分，不是教练来给客户定方向，恰恰相反是因为教练相信客户本自具足的信念，通过聆听、提问等方式方法照见客户，帮助他找到自己的人生方向，教练在过程中不给建议、不评判，陪伴客户去探索和厘清。全球比较权威的是ICF国际教练联盟，它主要制定一些行业规范和教练的核心能力要求，以及考核教练进行认证。如果宝感兴趣可以找到一位同频的教练尝试看看[飞吻R],positive,5.2,251.0,31.0,278,1762449645000.0,"教练方法与关系,目标与计划,效率与工具","方向迷茫型,教练学习者"
我虽然没试过  但隐约感觉自己就是受众...  1） 需求是： “想变好” 但是“没能力变好”，所以期待清晰的 权威的 有经验的“外界”给予意见  帮助  或者当自己的推力  的人群。  2）程度上：自认为这种情绪没有发展到抑郁的程度的人 （不然就会去找心理医生了）       因为并不是每个人都有勇气去真的突破旧的自己   或者有清晰的认知去整理自己的内心   或者对自己有完全的主动权和责任心。  但并不代表我们不想变好  于是就悬在半空中  一边纠结一边努力活着。    所以不用很傲慢，讲来讲去什么人群都是存在的，能把它变成可复制的生意，并在其中真正帮助到别人，自己也有收获，其实是好事情。,positive,25.2,18.0,7.0,300,1762472779000.0,"情绪与内耗,自我接纳与成长","情绪内耗型,积极成长型"
我现在觉得ChatGPT可以取代life coach,neutral,0.0,39.0,9.0,26,1762465311000.0,教练方法与关系,教练学习者
"公司破局找咨询公司，个人破局找人生教练。

好公司，好教练，就像很多评论区描述的，确实如此，但是除此之外：

滥竽充数的咨询公司毁人生意；
歪瓜裂枣的人生教练误人子弟...

",positive,3.2,16.0,3.0,88,1762469272000.0,教练方法与关系,教练学习者
可能是这个名字有些迷惑性，虽然叫人生教练，但其实是不给你建议的，而是通过聆听你，观察你，给你反馈的方式唤醒你自己的对自己的认知和觉察，是你的头脑伙伴，也是一面镜子，是中立的不批判的，却唯独不是给你人生指导的人。,neutral,1.0,53.0,15.0,105,1762449555000.0,"教练方法与关系,自我接纳与成长",教练学习者
"我也找过, career coach，没什么用，纯花钱，就是作为一个旁观者/事业有成者来开导你，教你怎么认识自己要什么，甚至不能给你职业发展建议的 我有一个朋友学校里选修过mentor课程他说核心思想就是顺着对方（客户）的想法说，让他更有自信这样[捂脸R][捂脸R]（因为往往客户自己已经有一个答案了，只是不够自信去实施）",positive,2.0,61.0,14.0,161,1762472290000.0,"教练方法与关系,价值与价格,自我接纳与成长",教练学习者
我们这里burnout 的大都去做life coach 了 [偷笑R] 别问我怎么知道的,neutral,0.0,4.0,2.0,44,1762463255000.0,教练方法与关系,教练学习者
虽然肯定会得罪人，但我觉得这玩意就是智商税[doge]我可以理解职业规划师，家庭调解师，等等这一类有专业分支的coach，他们可能是资深hr或者离婚律师什么的，有自己的specialty知识背景。留学中介做留学指导我都觉得能够理解，毕竟他们会掌握更多留学方面的信息。但什么样的人有能力做life coach呢？我不觉得有这样的人,positive,3.0,297.0,18.0,164,1762454509000.0,"目标与计划,拖延与行动障碍,教练方法与关系","拖延挣扎型,教练学习者"
我先自己收集下信息然后在这层楼对齐,neutral,0.0,3.0,3.0,17,1762448557000.0,,
"我觉得没有人有资格去coach别人的life。我看过一些综艺，参赛者自称是life coach，但在节目中感觉他们比其他人更需要coaching。
我的理解是，很多时候因为我们遇到了难题，想要找外在帮助，才会想到life coach。这个时候人的主观是想要改变的，只是在某个节点卡住了，一位life coach可能可以起到一些作用，但这些作用依靠一位therapist或者朋友或者网友或者一本书或者一部电影都可能实现。
life coach就好像我吃的那些胶原蛋白，我也知道它大概率没什么用，但我宁可相信我尽力了，尽人事听天命。",positive,3.0,15.0,2.0,264,1762478333000.0,"教练方法与关系,自我接纳与成长","积极成长型,教练学习者"
您好，老师，家里青春期的孩子可以参与吗,neutral,0.0,1.0,5.0,19,1749185735000.0,,
来偷师一下，为啥这么多评论和点赞[飞吻R],neutral,0.0,0.0,3.0,21,1750411886000.0,,
想做咨询～,neutral,0.0,0.0,2.0,5,1774447813000.0,,
我也想兼职做life coach 我的优势在于丰富的工作经历和专业能力，让我能更快了解受访者的情况并做出分析，也有给朋友同事们的类似话题的实操训练。但是看了老师的文案，我理解到自己还是需要体系化学习life coach的方法论。但这不耽误我同时实践，Fiona老师我说得对吗,positive,2.0,1.0,2.0,137,1774347915000.0,"教练方法与关系,效率与工具",教练学习者
和教练体验了一小时对话，特别特别震撼，整个过程一直是满满的能量流动。这段时间的情绪是不安和焦虑的，但自己其实不太能摸清那个源头，所以很飘忽和不稳定。在和教练的对话中，我知道了自己想要的“稳定”具体的样子，然后真的就感受到了这样的状态，非常舒适，甚至觉得有些幸福。教练的提问和塑造的氛围也特别特别好，总之，是一次我觉得很幸运能链接到的体验，期待下次的进一步探索！,positive,7.3999999999999995,2.0,2.0,180,1757151671000.0,"教练方法与关系,情绪与内耗,拖延与行动障碍","情绪内耗型,教练学习者"
喜欢做个人探索的运气不会差[doge],neutral,0.0,0.0,2.0,19,1748331528000.0,,
举手体验,neutral,0.0,1.0,1.0,4,1776347335000.0,,
挺棒的博主，很能捕捉到关键信息点[玫瑰R],neutral,0.0,0.0,1.0,21,1781529888000.0,,
和教练coach了好几次了！每次结束了都把我的问题聊明白了，很多人可能不了解life coach，不敢尝试，但是我觉得真的非常值得一试，过程我觉得又合理又神奇，本来刚开始可能一团雾水的问题在教练的耐心引导下一点点从模糊到清晰。我现阶段的问题可能更少的是认知方面而更多的需要对于自我需求的觉察，我觉得life coach真的是一个特别好的方式！！！！,positive,14.0,0.0,1.0,174,1757071135000.0,"教练方法与关系,价值与价格,拖延与行动障碍,目标与计划,自我接纳与成长",教练学习者
祝越来越好,neutral,1.3,1.0,1.0,5,1742005333000.0,,
可评论区留言或后台[私信R]报名教练对话体验～,neutral,0.0,0.0,0.0,23,1721569908000.0,"价值与价格,教练方法与关系",教练学习者
迷茫期Infj 报名,neutral,-1.0,0.0,1.0,10,1722368047000.0,"情绪与内耗,价值与价格",方向迷茫型
ENFJ[萌萌哒R],neutral,0.0,0.0,1.0,10,1721746999000.0,,
infj来啦！,neutral,0.0,0.0,1.0,7,1721645211000.0,,
infj-A报名[飞吻R],neutral,0.0,0.0,1.0,13,1721703442000.0,价值与价格,
INFJ报名🙋🏻‍♀️,neutral,0.0,0.0,1.0,11,1721649866000.0,价值与价格,
Infj-A 已经gap半年了[哭惹R],neutral,-1.0,0.0,2.0,20,1721575445000.0,,
Infj 女生报名,neutral,0.0,0.0,1.0,9,1721804200000.0,价值与价格,
INFJ-T报名,neutral,0.0,0.0,1.0,8,1721684097000.0,价值与价格,
Infj报名,neutral,0.0,0.0,1.0,6,1724844966000.0,价值与价格,
非常认可！我之前陷入一个纠结：到底AI是效率工具还是生产工具？后来我确定了是效率工具。就如你所说的，能在一个专业上用好AI的人本身专业能力就很强，AI只是放大了他的效率。,positive,3.8,0.0,0.0,85,1761289564000.0,"情绪与内耗,效率与工具",情绪内耗型
的确是这样，我自己的公众号写的文章带有我自己的底层逻辑，但是评论区会有人找我要配方，我对话修改都至少两三遍，他要去可能只是想一句话生成[捂脸R]这些人以为AI是让自己懒，其实AI是让自己快和作品更完善。,neutral,-1.0,1.0,0.0,101,1760853074000.0,"教练方法与关系,拖延与行动障碍",拖延挣扎型
只有你自己可以做自己的人生教练 幸福不是一种感受，是你的存在...,neutral,1.0,0.0,0.0,33,1760187758000.0,教练方法与关系,教练学习者
简单理解是未知的未知，这块大模型大概率也没法把这个未知告诉你,positive,2.0,0.0,0.0,30,1755924948000.0,,
AI是杠杆，专业知识是支点,neutral,0.0,0.0,0.0,13,1775488182000.0,,
我之前也跟我的咨询师说我会跟AI聊，我感觉她不常见地当场崩不住笑了,neutral,0.0,0.0,0.0,33,1756018495000.0,,
我现在就比较依赖豆包，有什么问题问它心中比较有安全感[笑哭R],neutral,-1.0,0.0,0.0,31,1755909588000.0,,
你说得很对，自己要懂！,neutral,0.0,0.0,0.0,11,1755997230000.0,,
垂类经验很重要，目前AI最难的其实还是如何提问。你缺少垂类经验的话，你都不知道该问什么,neutral,0.0,2.0,0.0,43,1756562511000.0,教练方法与关系,
只有我关心冻哥为什么找心理咨询吗[笑哭R],neutral,-1.0,4.0,0.0,21,1756022208000.0,,
最近时间充足啦，感兴趣伙伴可以戳我哈,neutral,0.0,0.0,0.0,18,1747290343000.0,,
我最棒！infp intp左右横跳[笑哭R]人际工作因为高敏感一塌糊涂,neutral,-1.0,0.0,1.0,35,1727099937000.0,,
哇真棒，看到你提到了《人生设计课》，还在想是不是北辰之前的读书会活动，看了你的主页发现还真是北辰的伙伴！[赞R]INFJ+目前和教练做了5次咨询,neutral,1.0,2.0,4.0,72,1725354298000.0,教练方法与关系,教练学习者
我最棒,neutral,0.0,1.0,1.0,3,1724820739000.0,,
优秀！开始实践啦～,neutral,0.0,2.0,1.0,9,1724760477000.0,拖延与行动障碍,
我最棒,neutral,0.0,1.0,1.0,3,1724869555000.0,,
我我我,neutral,0.0,1.0,1.0,3,1724894333000.0,,
如果想尝试的话，也可以私戳看看哈,neutral,0.0,1.0,5.0,16,1726882106000.0,,
我也是infj，最近也开始学习教练，一起向前一起走呀[飞吻R],neutral,0.0,1.0,2.0,31,1726471954000.0,"拖延与行动障碍,教练方法与关系",教练学习者
我最棒,neutral,0.0,0.0,1.0,3,1724978773000.0,,
"🌸 因为大家的热情， 设计人生教练对话体验名额已经预约满啦！而且已经超名额了。
🍀 新的体验名额我会在1月15日后再发出一波，所以愿意等待的宝子们可以加入主页的群，一旦有新的预约时间，我会第一时间发群里。",neutral,0.0,1.0,1.0,102,1734762082000.0,教练方法与关系,教练学习者
有点想尝试一下,neutral,0.0,0.0,1.0,7,1734751271000.0,,
intp害怕通话[笑哭R],negative,-2.0,0.0,1.0,13,1734757172000.0,情绪与内耗,
预约,neutral,0.0,0.0,1.0,2,1734289459000.0,,
预约[害羞R],neutral,0.0,0.0,1.0,7,1734719238000.0,,
预约,neutral,0.0,0.0,1.0,2,1734681600000.0,,
预约,neutral,0.0,0.0,1.0,2,1736229911000.0,,
[暗中观察R]intp,neutral,0.0,0.0,1.0,11,1734679497000.0,,
预约,neutral,0.0,0.0,1.0,2,1734871789000.0,,
02intp预约,neutral,0.0,0.0,1.0,8,1734718085000.0,,
如果感兴趣的伙伴，可以留言“教练“，我来找到你～[红色心形R],neutral,0.0,2.0,0.0,31,1763643133000.0,教练方法与关系,教练学习者
教练,neutral,0.0,1.0,1.0,2,1782720315000.0,教练方法与关系,教练学习者
需要教练,neutral,0.0,1.0,1.0,4,1779086060000.0,教练方法与关系,教练学习者
教练,neutral,0.0,0.0,0.0,2,1785465847000.0,教练方法与关系,教练学习者
教练,neutral,0.0,1.0,1.0,2,1782224051000.0,教练方法与关系,教练学习者
教练,neutral,0.0,1.0,1.0,2,1781178364000.0,教练方法与关系,教练学习者
教练,neutral,0.0,1.0,1.0,2,1764347238000.0,教练方法与关系,教练学习者
教练,neutral,0.0,1.0,1.0,2,1782411343000.0,教练方法与关系,教练学习者
教练！,neutral,0.0,1.0,1.0,3,1779349267000.0,教练方法与关系,教练学习者
教练,neutral,0.0,1.0,1.0,2,1780908755000.0,教练方法与关系,教练学习者
很实用，收藏了[doge],neutral,1.3,0.0,0.0,13,1775210596000.0,,
不错的分享,neutral,0.0,0.0,0.0,5,1768314967000.0,,
[点赞R][点赞R][点赞R],neutral,0.0,0.0,0.0,15,1758377985000.0,,
怎么成为life coach呀？,neutral,0.0,0.0,1.0,16,1775980659000.0,教练方法与关系,教练学习者
hello 想了解一下life coach,neutral,0.0,1.0,1.0,21,1749403992000.0,教练方法与关系,教练学习者
你好还缺人吗，我也想尝试,neutral,0.0,0.0,0.0,12,1780598704000.0,,
怎么预约呀[超喜欢R],neutral,1.0,0.0,0.0,11,1778818013000.0,,
滴滴[皱眉R],neutral,0.0,0.0,0.0,7,1768027374000.0,,
报名,neutral,0.0,0.0,0.0,2,1781154294000.0,价值与价格,
想聊聊,neutral,0.0,0.0,0.0,3,1770667709000.0,,
举手🙋‍♀️,neutral,0.0,0.0,0.0,6,1772856706000.0,,
Dd,neutral,0.0,0.0,0.0,2,1771857607000.0,,
很需要，怎么预约,neutral,0.0,0.0,0.0,8,1776252421000.0,,
你好 如何找life coach 的志愿呀,neutral,0.0,0.0,1.0,21,1747749701000.0,教练方法与关系,教练学习者
我就想听听你的想法实际上是“我要的就是跟我不一样的视角，有没有用我自己会筛。因为自己的想容易拘泥于信息差。”,neutral,-1.0,2.0,1.0,54,1774749534000.0,,
确实有些客户“就是想要你的建议”并以拿到建议为衡量标准。。。,neutral,0.0,0.0,1.0,30,1777333871000.0,效率与工具,
我想成为life couch,neutral,0.0,1.0,0.0,14,1782662955000.0,,
请问如何收费？,neutral,0.0,0.0,0.0,7,1757364567000.0,价值与价格,
教练真的是enfp天选职业,neutral,0.0,4.0,7.0,13,1756722310000.0,教练方法与关系,教练学习者
"姐姐，我目前在做人工智能咨询，是ENTP, 对人和人的发展很感兴趣，想要在未来往职业教练和人生教练方向发展，以及领导力培训师之类的。想问开始这个journey要怎样筛选课程呢，icf 好像提供很多种方向，以及很多机构。",neutral,0.0,0.0,3.0,109,1758000418000.0,"教练方法与关系,目标与计划,拖延与行动障碍,价值与价格","方向迷茫型,教练学习者"
厉害[赞R]，共创教练也是ICF认证的吗？是属于ACC还是PCC[捂脸R],neutral,1.0,0.0,3.0,37,1756717191000.0,教练方法与关系,教练学习者
enfp很敏感[偷笑R],neutral,0.0,0.0,4.0,12,1764164299000.0,,
哇[哇R]很不错的战绩,neutral,0.0,1.0,6.0,11,1756714824000.0,,
被你的真实打动，林敏，好开心你的每一步都被你深深看见，并表达出来带给其他人力量！BTW我已经全职教练19个月了，还没系统算过钱💰[害羞R],positive,2.0,1.0,1.0,69,1757297902000.0,"自我接纳与成长,教练方法与关系,效率与工具",教练学习者
很喜欢你的分享~想知道你认为做life coach 有给你带来负能量吗？,positive,2.6,0.0,1.0,36,1758579924000.0,教练方法与关系,教练学习者
姐妹可以分享你是怎么开始做的吗？我宝宝十个月，白天奶奶带娃，安全和卫生隐患特别大[哭惹R]  我想尝试一下人生教练这个职业，看可不可以争取自己带娃[哭惹R],negative,-2.6,2.0,2.0,78,1756876747000.0,"拖延与行动障碍,教练方法与关系",教练学习者
好棒[红色心形R],neutral,0.0,0.0,1.0,9,1756998506000.0,,
好喜欢你的定位，关系与自我实现教练,positive,2.6,0.0,1.0,17,1756971471000.0,教练方法与关系,教练学习者
请问工具5，可以用于“团队教练工作坊”吗？,neutral,0.0,0.0,2.0,21,1748877229000.0,"效率与工具,教练方法与关系",教练学习者
这个工具在团队教练中太好用了。可以实现上下对齐。,neutral,1.0,0.0,0.0,24,1757657871000.0,"效率与工具,教练方法与关系",教练学习者
很经典的工具,neutral,0.0,0.0,0.0,6,1754213438000.0,效率与工具,
嗨戴西晚上好，请教一下，有高效会议的工具吗？谢谢[红色心形R],positive,2.6,0.0,1.0,31,1774877958000.0,效率与工具,
暂悬，和转换的心法都很棒[拔草R],neutral,0.0,1.0,1.0,17,1775696197000.0,,
报名。,neutral,0.0,0.0,1.0,3,1782818084000.0,价值与价格,
期待首批Achievo体验官[飞吻R],neutral,0.0,0.0,1.0,19,1781093115000.0,,
行动,neutral,1.0,0.0,0.0,2,1782737877000.0,拖延与行动障碍,
行动,neutral,1.0,0.0,1.0,2,1781833333000.0,拖延与行动障碍,
感谢热心薯宝的好主意❤️，我新申请了一个账号@小红薯68953D24  ，新建了几个内测群，点开@小红薯68953D24 的主页可以找到，再次感谢大家的支持和鼓励[飞吻R][飞吻R],positive,6.5,32.0,14.0,91,1754570995000.0,教练方法与关系,
更新版本即可获赠6次拆解次数，欢迎大家体验新教练，也欢迎大家评论区分享你的有趣拆解[飞吻R]，会在10号晚上选出受欢迎前五位的粉丝拆解赠送会员，已经是会员的薯宝也可收获会员，送给好朋友或者转让都可以[拔草R] PS:安卓同学辛苦再等等，开始联调啦，内测可期[红色心形R],positive,2.6,120.0,83.0,135,1754468325000.0,"目标与计划,教练方法与关系,拖延与行动障碍","拖延挣扎型,积极成长型"
愿意付100使用,neutral,0.0,6.0,9.0,8,1754467720000.0,,
蹲安卓内测,neutral,0.0,14.0,12.0,5,1754471416000.0,,
欢迎大家评论区分享你的有趣拆解[飞吻R]，会在10号晚上选出受欢迎前五位的粉丝拆解赠送会员，已经是会员的薯宝也可收获会员，送给好朋友或者转让都可以[拔草R] PS:安卓同学辛苦再等等，开始联调啦，内测可期[红色心形R],positive,2.6,13.0,19.0,109,1754468171000.0,"目标与计划,拖延与行动障碍","拖延挣扎型,积极成长型"
试用了一下就买了[哇R],neutral,0.0,6.0,14.0,12,1754487215000.0,,
买了早鸟价，以后完善了也能用吗[红色心形R][红色心形R][红色心形R],neutral,0.0,1.0,3.0,36,1754494720000.0,,
太有用了！看来是提醒我该睡了[哇R][okR]凑个整两点睡[okR],neutral,1.3,3.0,2.0,34,1754503170000.0,,
希望可以增加快捷语句。因为感觉拖延的情形其实就那几种，每次都要重新手打会让我延迟打开软件（。）,neutral,0.0,18.0,6.0,47,1754488083000.0,"拖延与行动障碍,效率与工具",拖延挣扎型
滴滴作者，文案的标签好像都没有打上去呀，灰色点不进去[doge][doge],neutral,0.0,1.0,6.0,38,1754483013000.0,,
抽奖结果出来啦，感谢各位宝子们参与。下周 alice 会一一联系[烟花R],neutral,1.0,1.0,1.0,37,1768042118000.0,,
我不会放弃蹲安卓的[生气R],negative,-2.0,102.0,22.0,14,1766375293000.0,,习惯崩盘型
很早之前就刷到啦，一直忘记下载，拖延症真的很严重吧[抽泣R]拿下啦,negative,-1.6,42.0,8.0,33,1766510779000.0,拖延与行动障碍,拖延挣扎型
出安卓可以踢踢吗,neutral,0.0,0.0,2.0,8,1766418474000.0,,
虽然看起来有些可笑但这的确是重度Adhd的日常...,neutral,0.0,73.0,8.0,26,1766362999000.0,自律与习惯,
我是重度adhd患者，因为懒得刷牙甚至会坐在凳子上刷两小时抖音，直到时间拖不下去了才刷。每次遇到什么即将要做的事，我都感觉有一柄剑悬在头上一样，逃避现实的唯一办法就是拖…我平时有在用苹果自带的提醒事项，但是还是存在启动困难的情况。如果用这个能拆解小步骤的话，我想应该会好一点吧～希望我能早点不拖延[哭惹R],neutral,0.0,5.0,6.0,153,1767082734000.0,"拖延与行动障碍,目标与计划",拖延挣扎型
有點貴哦……有點貴哦可以體驗到什麼,neutral,0.0,2.0,5.0,17,1766941926000.0,,
😂为何我找不到购买的入口？,neutral,0.0,3.0,11.0,13,1767019120000.0,,
安卓版商店那个是真的吗? 不用苹果好久了，等一个安卓版本,neutral,0.0,2.0,3.0,28,1767512696000.0,,
啊目前没有上线安卓版吗[捂脸R]苹果端的话只有ipad能用，这样又不能随时提醒了[哭惹R]安卓人很需要,neutral,-1.3,0.0,3.0,51,1767234133000.0,,
"本次活动圆满结束啦，恭喜中奖的薯宝们（Alice会一一联系）。
这次除了随机数种子是人为指定的外，抽奖是用程序纯随机抽的，整个过程公正客观，透明合理，接受任何人用第二张图的方式自助验证。 
离下次提价还有二十来天，不管你有没有被抽中，此刻的价格都是从今往后最便宜的～
感谢各位股东支持，我们会继续把plancoach好好做成大家最喜欢的app[飞吻R]",positive,3.0,3.0,6.0,176,1763940845000.0,"拖延与行动障碍,价值与价格,教练方法与关系,效率与工具",
对我来说，很多事情没有什么计划性，所以会被一直延后，可是正是在拖延中属于休息的时间被无意义的事情消磨掉了。今天第一次听说了这个软件也马上去下载了梦一个被抽中～最可怕的是已经知道他以前的好价以后，现在下手总会让我感觉到有一些犹豫。,neutral,-1.0,18.0,12.0,114,1763652038000.0,"目标与计划,拖延与行动障碍,效率与工具","拖延挣扎型,方向迷茫型"
建议赶紧出安卓，晚出会被抄。,neutral,0.0,66.0,15.0,14,1763512779000.0,,
我有点困惑、教练如何监督敦促我完成任务呢？？给了执行计划表后，应该不是要我自己监督督促我自己吧。。。,neutral,0.0,1.0,4.0,50,1763777073000.0,"教练方法与关系,目标与计划","方向迷茫型,教练学习者"
喜欢这种带时间段的哈哈 但也好懒得打字忙起来的时候[捂脸R],neutral,1.0,8.0,4.0,30,1763469907000.0,,
你好，我购买了高级会员，想申请退款20元，请协助处理。[偷笑R]以彼之矛攻彼之盾。,neutral,0.0,1.0,3.0,41,1763900736000.0,,
为啥买不了啊[抽泣R],neutral,0.0,0.0,5.0,11,1763468677000.0,,
最喜欢狸仆，谁不喜欢猫耳男仆！而且还会叫你宝贝！全部完成✅后的行动锦囊也特别有正向鼓励作用[皱眉R]这部分话语的鼓励我认为和任务拆分同等重要，人是会在这些正向激励下越来越好的,positive,11.200000000000001,12.0,11.0,87,1763701985000.0,"拖延与行动障碍,教练方法与关系",
今天有辩论赛，一直处于焦虑紧张状态，看到明确的规划和鼓励，真的会有动力和信心去做[doge],neutral,1.3,4.0,4.0,46,1763474588000.0,"情绪与内耗,目标与计划,教练方法与关系",情绪内耗型
,neutral,0.0,10.0,3.0,0,1763469368000.0,,
老师，安卓求求[哭惹R],neutral,-1.0,8.0,4.0,12,1754138968000.0,,
安卓安卓 老师老师！！高三马上开学了 等我寒假你必须给我上架[生气R][生气R],negative,-2.0,7.0,4.0,40,1754147329000.0,,
安卓你在哪？我们想你了。[哭惹R],neutral,-1.0,2.0,5.0,17,1754144399000.0,,
这个推出了吗,neutral,0.0,0.0,4.0,6,1754161516000.0,,
我只有iPad是iOS，我下载了你们的plancoach，但iPad毕竟不便携。如果安卓真的上架很慢，那我或者其他安卓用户，可能真的会被同类型软件夺走，希望能够加快安卓进度，加油。,positive,1.9,6.0,1.0,90,1754180999000.0,"教练方法与关系,效率与工具",
蹲蹲小米[萌萌哒R],neutral,0.0,1.0,3.0,10,1754141338000.0,,
蹲蹲安卓[皱眉R]快开学了[抽泣R]到时候在浏览器下还是应用市场下啊[爱心R],neutral,0.0,3.0,2.0,39,1754144415000.0,,
我会一直憋气直到你出安卓版,neutral,0.0,4.0,1.0,13,1754145499000.0,,
安卓啊啊啊啊啊啊啊啊求求了[哭惹R],neutral,-1.0,3.0,1.0,18,1754139292000.0,,
所以，可以把这个背景音乐加上吗@freemind_workshop,neutral,0.0,0.0,2.0,33,1754483822000.0,,
"9【长按复制这条邀请码消息，打开小红书即可加入该群】
 2月20日前可加入群聊""人生攻略｜成长行动组"" CZ1510:/#z
😘🍩🌮🥩🌽🐟
🥝🍉🥪🐍🥦🥭",positive,2.0,1.0,1.0,76,1737628882000.0,"自我接纳与成长,拖延与行动障碍",积极成长型
我的一月份，时间安排不恰当把一些事情堆到晚上应该优化早起完成一部分，晚上完成一部分[捂脸R]，训练强度有点大需要优化回到分化训练以及强度渐进式[大笑R],positive,3.0,0.0,2.0,76,1737775272000.0,"目标与计划,自律与习惯",
二月的目标是刷省考真题套卷，三月份就要考试了,neutral,1.0,0.0,1.0,22,1738122294000.0,目标与计划,方向迷茫型
很实用，收藏了[doge],neutral,1.3,0.0,0.0,13,1775210596000.0,,
不错的分享,neutral,0.0,0.0,0.0,5,1768314967000.0,,
[点赞R][点赞R][点赞R],neutral,0.0,0.0,0.0,15,1758377985000.0,,
董哥！俺们安卓也要画像！[抽泣R],neutral,0.0,10.0,6.0,17,1775967866000.0,,
安卓功能好少[哭惹R][哭惹R]已经买会员了，不知道啥时候能到赶上苹果,negative,-2.0,0.0,1.0,35,1777723435000.0,,
什么时候出安卓？,neutral,0.0,0.0,1.0,8,1776005559000.0,,
沙发[飞吻R],neutral,0.0,0.0,0.0,7,1775967026000.0,,
了解下,neutral,0.0,0.0,1.0,3,1779686034000.0,,
好棒，加油[飞吻R],neutral,0.0,2.0,1.0,10,1741259745000.0,,
生命力星球是什么,neutral,0.0,0.0,0.0,8,1750151121000.0,,
大爱的事业[飞吻R][飞吻R],neutral,0.0,0.0,0.0,15,1785327316000.0,,
领咨询师一人公司商业梳理,neutral,0.0,0.0,0.0,12,1782217581000.0,,
"职场难题主题产品  
✅ 严选职场阅历丰富的专业教练
✅ 两次深度对话一对一高效拆解卡点
✅ 不满意全额退款",positive,3.0,1.0,0.0,54,1769437188000.0,"教练方法与关系,目标与计划",教练学习者
我将进行一个尝试，太懒了不会手搓就是说,neutral,0.0,0.0,0.0,19,1774163986000.0,,
用上了，非常感谢！,neutral,0.0,0.0,0.0,9,1780224276000.0,,
这个一看就很带劲！,neutral,0.0,0.0,0.0,9,1773576532000.0,,
hold住姐现在这么瘦了吗,neutral,0.0,727.0,20.0,13,1768829732000.0,,
这是小娟吗！,neutral,0.0,190.0,3.0,6,1769177997000.0,,
Who 's she,neutral,0.0,2.0,1.0,10,1770429879000.0,,
圈外人一直以为是那个脱口秀演员小鹿[哭惹R]（求轻喷）,neutral,-1.0,41.0,5.0,27,1769259361000.0,,
寶寶我買不起coach呀！,neutral,0.0,51.0,4.0,13,1763787657000.0,教练方法与关系,教练学习者
封面认真的嘛,neutral,0.0,86.0,10.0,6,1768970477000.0,,
娟姐，就是最好看的(๑•.•๑),neutral,0.0,8.0,1.0,16,1764385145000.0,,
我还以为是白化病,neutral,0.0,0.0,1.0,8,1778020345000.0,,
哇哦不愧是我小娟 我最喜欢的就是Coach，一般的衣服都是Coach[偷笑R][偷笑R]小娟跟coach也是超配的,neutral,1.0,490.0,1.0,57,1764075671000.0,教练方法与关系,教练学习者
拿下同款[派对R],neutral,0.0,125.0,10.0,9,1765474460000.0,,
这个是谁？是门面吗？,neutral,0.0,1827.0,47.0,10,1763649352000.0,,
这个长在我心巴上了,neutral,0.0,480.0,23.0,9,1768539272000.0,,
当雅贤遇到了一堆宠她的品牌方,neutral,0.0,4.0,1.0,14,1785330233000.0,,
这是谁啊我的理想型,neutral,0.0,56.0,10.0,9,1781604229000.0,,
李茶仁[色色R],neutral,0.0,0.0,0.0,8,1785480516000.0,,
这个好贵气 谁呀？第一个也好看,neutral,0.0,37.0,7.0,15,1772396599000.0,,
有Rami吗？没看清呀,neutral,0.0,0.0,1.0,11,1785473139000.0,,
这个谁啊好大气,neutral,1.3,21.0,4.0,7,1784197570000.0,,
canny你美[皱眉R],neutral,0.0,0.0,0.0,12,1785468749000.0,,
第四个是谁 这个女团有门面吗 是第四个吗,neutral,0.0,3.0,1.0,20,1773232703000.0,,
送给你的我的信条：谨慎的拥有，珍惜的使用，勇敢的舍弃[害羞R],neutral,0.0,0.0,1036.0,31,1773273967000.0,,
每次舍不得用的时候就会提醒自己小时候那些存起来要等到最完美的机会再使用的精美贴纸,neutral,0.0,8399.0,123.0,40,1773284850000.0,,
我一直跟自己说，付钱买下的时候只拥有了一半，使用的时候才拥有剩下的一半,neutral,0.0,1570.0,24.0,35,1773293195000.0,,
我这个老包 十年了吧 超级耐操 淋过雨[失望R]随便背，乱扔。我觉得绝对是物尽其用了，它就是不烂啊,neutral,-1.3,118.0,26.0,49,1773297551000.0,,
衣服也是 漂亮衣服别老留着重要场合穿 平时也要多穿,neutral,0.0,834.0,93.0,25,1773300686000.0,,
我的也10多年了，还挺好呢[笑哭R],neutral,0.0,543.0,98.0,18,1773230304000.0,,
去挥霍和珍惜是同一件事情,neutral,0.0,1872.0,61.0,12,1773144672000.0,,
没事的放宽心，东西好好的放在那里也是你拥有它的一种方式，而且显然当时你放着比拿手里用更安心更高兴一点，不亏的姐妹,neutral,0.0,216.0,22.0,56,1773244433000.0,,
一模一样[捂脸R]明明外观还好好的…扔掉还是舍不得…,neutral,0.0,4.0,10.0,26,1773279320000.0,,
不是真皮就会掉皮，不管啥牌子[笑哭R],neutral,-1.0,27.0,15.0,19,1773274659000.0,,
最后来一句“这个我厂里怎么也要125一件”，那就封神了,neutral,0.0,0.0,97.0,27,1778382908000.0,,
[微笑R]这个分析是专业的，普通话是累耳朵的,neutral,0.0,0.0,122.0,22,1778338221000.0,效率与工具,
怪不得coach这几年回春了 原来产品还是用心的,neutral,0.0,3527.0,37.0,24,1778339473000.0,教练方法与关系,教练学习者
100多工费找的裁缝 做的liberty的对花,neutral,0.0,677.0,58.0,23,1778394555000.0,,
突然发现我200块买的保罗遛弯儿居然扣子也是朝一个方向的,neutral,0.0,152.0,28.0,28,1778350908000.0,目标与计划,方向迷茫型
所以巴宝莉每一件做工都很贵？[笑哭R]格子对称，格子也大…………[捂脸R]？,neutral,-1.3,99.0,11.0,38,1778373353000.0,价值与价格,
把花纹对齐，不应该是每件衣服应该长成的样子吗,neutral,0.0,1224.0,82.0,22,1778341314000.0,,
记住了，coach衣服昏中,neutral,0.0,334.0,4.0,13,1778341645000.0,教练方法与关系,教练学习者
他的意思是不是这个衣服做的很对称？,neutral,0.0,70.0,17.0,17,1778397970000.0,,
他只是做了这个品牌价格该做的事情  消费者花这么多钱就应该得到好商品,neutral,1.3,2332.0,8.0,34,1778342204000.0,价值与价格,
好可爱的书挂 是coach的吗,neutral,1.3,48.0,4.0,15,1784458165000.0,教练方法与关系,教练学习者
女生上衣可以求链接么？,neutral,0.0,5.0,2.0,11,1784464945000.0,,
这种广告我是乐意看的,neutral,0.0,11.0,0.0,10,1784976859000.0,,
这也太可爱了吧！,neutral,0.0,32.0,0.0,8,1784574101000.0,,
看见你们接广都替你们高兴！！！真好～[红色心形R],positive,3.2,3.0,0.0,25,1785178873000.0,自我接纳与成长,
以前关注到现在，大小王越来越好啦[大笑R][赞R],positive,2.6,3.0,0.0,25,1784886900000.0,,
恭喜接廣告[偷笑R],neutral,0.0,4.0,0.0,10,1784536768000.0,,
哇塞。接了coach的广告[点赞R][点赞R],neutral,0.0,28.0,0.0,23,1784510249000.0,教练方法与关系,教练学习者
哈开始代言时尚单品了，加油加油[派对R],neutral,0.0,5.0,0.0,20,1784458029000.0,拖延与行动障碍,
视频做的好,neutral,1.3,4.0,0.0,5,1784461393000.0,,
建筑师每天加班画图改方案开会搞ppt弄材料板去工地跑建材对接供应商渲图弄CAD，这个装扮穿两天就得换[抱拳R][偷笑R],neutral,0.0,184.0,11.0,60,1770348336000.0,自律与习惯,
在大城市做建筑师的全家最有个性的小姨回村了[doge],neutral,0.0,114.0,6.0,27,1772251386000.0,,
第一眼以为natty,neutral,0.0,65.0,4.0,10,1769697537000.0,,
求包包！好适合你[扯脸H],neutral,1.3,1.0,1.0,13,1769656806000.0,,
顶多是建筑方案，施工图设计师绝对不这样[doge],neutral,0.0,3.0,0.0,25,1772602763000.0,,
第一张还以为是吉赛尔,neutral,0.0,4.0,1.0,10,1773026752000.0,,
怎么和我在路上看到的带黄色头盔，穿荧光马甲的建筑师不一样啊？,neutral,0.0,1.0,0.0,30,1772504443000.0,,
乖乖，看图我还以为是aump，《亲爱的小冤家》有这造型,neutral,0.0,0.0,0.0,27,1772767720000.0,,
皮衣链接🔗[合十R],neutral,0.0,0.0,0.0,10,1772172506000.0,,
所以到底是卖什么的呢[doge],neutral,0.0,0.0,0.0,16,1772849677000.0,,
第一个我买了，跟图片一点不一样，我准备退了，,neutral,0.0,19.0,38.0,22,1768052194000.0,,
就说好不好看吧,neutral,0.0,3.0,3.0,7,1761149449000.0,,
1怎么分新款还是老款呀,neutral,0.0,12.0,14.0,11,1748487895000.0,,
1 怎么搜[哭惹R],neutral,-1.0,3.0,8.0,10,1739950622000.0,,
别买4就行,neutral,0.0,2.0,3.0,5,1761659711000.0,,
好看,neutral,0.0,0.0,5.0,2,1772820792000.0,,
11111,neutral,0.0,10.0,9.0,5,1740025570000.0,,
111我买了1越看越喜欢,neutral,1.0,29.0,8.0,12,1739957694000.0,,
2张多入的茉莉呀，天天背[偷笑R],neutral,0.0,16.0,2.0,17,1776401470000.0,,
,neutral,0.0,3.0,5.0,0,1766767061000.0,,
欢迎单依纯👏,neutral,0.0,2.0,0.0,6,1785423967000.0,,
噗哈哈哈哈哈哈哈哈,neutral,0.0,418.0,4.0,9,1784568101000.0,,
coach新广告标语：《如何呢？又能怎》,neutral,0.0,111.0,2.0,20,1777616964000.0,教练方法与关系,教练学习者
COACH品牌全球代言人单依纯也太有时尚气质啦,neutral,0.0,368.0,22.0,23,1772940490000.0,教练方法与关系,
原来自然捕捉状态下的她长这样[捂脸R][捂脸R][捂脸R][捂脸R][捂脸R][捂脸R]……,neutral,0.0,17.0,2.0,46,1784556417000.0,,
支持代言人单依纯[派对R][派对R],neutral,1.0,41.0,2.0,18,1772940897000.0,教练方法与关系,
如何呢,neutral,0.0,19.0,2.0,3,1777924031000.0,,
支持cocah 全球品牌代言人单依纯[派对R][派对R],neutral,1.0,53.0,27.0,28,1784880704000.0,教练方法与关系,
谢谢coach[皱眉R]可能有时候时尚只需要一张宠辱不惊的脸[萌萌哒R],neutral,1.0,42.0,3.0,36,1778203579000.0,教练方法与关系,教练学习者
感谢coach妈妈的大地广[飞吻R],neutral,1.0,41.0,3.0,18,1778203035000.0,教练方法与关系,教练学习者
豌豆款大概多少钱淘的,neutral,0.0,1.0,4.0,10,1739299041000.0,,
中古包在哪买的哦,neutral,0.0,1.0,3.0,8,1736855305000.0,,
中古包的话怎么样才能知道他正不正呢,neutral,0.0,0.0,2.0,17,1737191628000.0,,
黑豌豆是什么型号呀,neutral,0.0,0.0,1.0,9,1740920768000.0,,
黑豌豆很好看诶,neutral,0.0,14.0,3.0,7,1736849115000.0,,
想问问姐姐 mollie22的是这款吗,neutral,0.0,0.0,3.0,19,1737425545000.0,,
这只水桶包的缺点就是太重了，我有个黄色的，好看，就是上班背着很累增加负担[哭惹R],neutral,-1.0,1.0,4.0,41,1736921592000.0,,
宝 我可以看看充电宝分享嘛[害羞R],neutral,0.0,4.0,3.0,18,1736862307000.0,,
中古的在哪儿买的呀,neutral,0.0,0.0,1.0,9,1738236555000.0,,
豌豆超级好看,neutral,0.0,1.0,1.0,6,1736854081000.0,,
肩带可以调整吗，可以拍个容量视频吗,neutral,0.0,1.0,6.0,17,1757863640000.0,,
就是死活不说多少钱 [弱R][弱R][弱R][弱R],neutral,0.0,51.0,12.0,26,1757669209000.0,,
这是专柜款还是奥莱款？,neutral,0.0,2.0,6.0,11,1757645106000.0,,
这和fend的老花帆布腋下包有什么区别,neutral,0.0,2.0,4.0,19,1757653920000.0,,
外侧袋子有拉链的包不推荐买   会磨衣服[捂脸R][捂脸R][捂脸R],neutral,1.0,0.0,1.0,35,1757788845000.0,,
可以斜挎吗？,neutral,0.0,1.0,4.0,6,1757648490000.0,,
这是大号吗,neutral,0.0,1.0,2.0,5,1757607215000.0,,
这个款式，大小正合我意，我等等其他颜色。,neutral,0.0,1.0,2.0,20,1757649067000.0,拖延与行动障碍,拖延挣扎型
不能斜挎是吧,neutral,0.0,0.0,1.0,6,1757648748000.0,,
能放电脑吗,neutral,0.0,0.0,1.0,5,1757772541000.0,,
姐妹，多少收的呀,neutral,0.0,23.0,6.0,8,1756019977000.0,,
姐妹能放下电脑吗[皱眉R],neutral,0.0,0.0,2.0,13,1778750298000.0,自我接纳与成长,
想要。哪里买的,neutral,0.0,0.0,2.0,7,1766572537000.0,,
问问这是哪个型号啊[萌萌哒R][萌萌哒R],neutral,0.0,3.0,1.0,21,1756392599000.0,,
在实体店买的吗？🍑都找不到,neutral,0.0,2.0,1.0,13,1756525332000.0,,
确实很好看,neutral,0.0,0.0,0.0,5,1774348524000.0,,
哪里淘的？,neutral,0.0,0.0,0.0,5,1765429680000.0,,
请问13寸平板可以放下不,neutral,0.0,0.0,0.0,12,1764209887000.0,自我接纳与成长,
同款车车[赞R]包自重轻吗,neutral,1.0,0.0,0.0,13,1763216026000.0,,
好好看呀 姐妹是在哪里收到的[萌萌哒R],neutral,0.0,0.0,0.0,20,1784358959000.0,,
3000以上买coach就是对钱包的不尊重[笑哭R],neutral,-1.0,511.0,9.0,26,1768146522000.0,教练方法与关系,教练学习者
今天1250入手28的绿色，好看死了,neutral,0.0,12.0,10.0,18,1769745180000.0,,
买了,neutral,0.0,7.0,4.0,2,1768128340000.0,,
我买了平价的小ck，经济有限,neutral,0.0,21.0,17.0,14,1768035935000.0,,
加拿大5折买了绿色[笑哭R]，比美国买便宜100多[偷笑R],neutral,-1.0,2.0,2.0,30,1767997207000.0,,
好看多少钱买的,neutral,0.0,3.0,6.0,7,1767964332000.0,,
你的包手柄怎么塌了[哭惹R][哭惹R],negative,-2.0,1.0,5.0,19,1768028266000.0,,
39这边半价 可能就1700,neutral,0.0,9.0,13.0,14,1768015668000.0,,
今天我们这177刀,neutral,0.0,6.0,16.0,9,1769380507000.0,,
看到绿色5折，不过感觉不太好搭衣服,neutral,0.0,4.0,10.0,17,1768353055000.0,,
请问唱完了最后那个显示分数的是门店的还是全国的,neutral,0.0,748.0,29.0,23,1761650105000.0,,
也是刚拿到手，盲盒还算满意[派对R],neutral,1.0,473.0,32.0,18,1761664128000.0,,
我有戏吗，很期待今天的名单了[笑哭R],neutral,-1.3,10.0,19.0,19,1762311778000.0,,
我靠 有没有有经验的分享一下什么歌比较好,neutral,1.3,155.0,42.0,20,1762180751000.0,,
是唱什么歌都可以嘛 还是指定的,neutral,0.0,2.0,2.0,15,1762167620000.0,,
这个活动到几号啊,neutral,0.0,1.0,4.0,8,1762214262000.0,,
被俺老婆艾特来进货了，没有成本全是利润,neutral,0.0,81.0,4.0,19,1762242950000.0,,
第二名唱的啥“有形的翅膀”？,neutral,0.0,0.0,1.0,14,1762220151000.0,,
我们去唱，然后看店里那个排名，显示我朋友排第一，找了前台，前台说给什么优惠券，下次来可以用,neutral,0.0,1.0,1.0,45,1762279362000.0,拖延与行动障碍,
粤语歌容易拿高分吗,neutral,0.0,0.0,4.0,9,1762245740000.0,,
想要大号,neutral,0.0,0.0,1.0,4,1763991171000.0,,
怎么买啊？,neutral,0.0,0.0,2.0,5,1763695262000.0,,
买了,neutral,0.0,1.0,7.0,2,1763649016000.0,,
多少米,neutral,0.0,0.0,1.0,3,1763522543000.0,,
多少米,neutral,0.0,0.0,1.0,3,1763606111000.0,,
可以斜跨挎背吗？,neutral,0.0,0.0,1.0,8,1763718041000.0,,
小个子，大号还是小号,neutral,0.0,0.0,1.0,10,1763301763000.0,,
是专柜货吗？,neutral,0.0,1.0,8.0,6,1763792317000.0,,
可以斜挎吗,neutral,0.0,0.0,1.0,5,1764851503000.0,,
怎么买,neutral,0.0,0.0,1.0,3,1769958344000.0,,
[哭惹R][买爆R][哭惹R]这个博主是个宝，划走不好找，关注之后不迷路[doge],negative,-2.0,16.0,5.0,42,1760249968000.0,,
流浪包也超级优惠[哇R],neutral,0.0,8.0,24.0,12,1760250107000.0,,
City33三五折，三个颜色都有[举手R]尊嘟好好买,neutral,0.0,2.0,12.0,26,1760250079000.0,,
蹲一下这个在香港的价格,neutral,0.0,2.0,6.0,11,1765021194000.0,价值与价格,
第三行 第一个多钱钱吖,neutral,0.0,2.0,12.0,11,1760250136000.0,,
谁知道这个多少,neutral,0.0,1.0,7.0,7,1763565495000.0,,
最浅色的什么价,neutral,0.0,2.0,5.0,7,1761876429000.0,,
这个多少[哇R]打几折,neutral,0.0,3.0,6.0,11,1760764294000.0,,
我买贵没得,neutral,0.0,0.0,2.0,5,1760578560000.0,,
想知道这两个多少[害羞R][害羞R],neutral,0.0,3.0,6.0,18,1767027074000.0,,
红楼梦的更好看[偷笑R],neutral,0.0,2.0,1.0,12,1767366582000.0,,
爱看,neutral,0.0,0.0,0.0,2,1767405629000.0,,
学霸的骄傲和学渣的清澈,neutral,0.0,20.0,0.0,11,1767148671000.0,,
难怪coach的标就是马车,neutral,0.0,0.0,0.0,13,1767235190000.0,教练方法与关系,教练学习者
张本,neutral,0.0,0.0,0.0,2,1767145137000.0,,
一下就记住了[飞吻R][飞吻R][飞吻R],neutral,0.0,0.0,0.0,21,1768177685000.0,,
我的天哪好厉害[哇R],neutral,1.3,0.0,0.0,11,1767129248000.0,,
[捂脸R]coach和客车发音也太像了,neutral,0.0,5.0,0.0,19,1767122410000.0,教练方法与关系,教练学习者
幽默[哭惹R],neutral,-1.0,0.0,0.0,7,1767200341000.0,,
懂了，怪不得教练遇到那么多学员都没有气死，耐用[笑哭R],neutral,-1.0,91.0,0.0,28,1767087255000.0,教练方法与关系,教练学习者
关于唱成啥样获奖的，最新一篇有分享K歌的现场视频，可以看看👀,neutral,0.0,21.0,3.0,30,1762230635000.0,,
我今天唱了裸分923然后加难度系数1015不知道明天能不能进[哭惹R],neutral,-1.0,31.0,13.0,35,1762774273000.0,拖延与行动障碍,
姐妹请问你有开那个10块钱的AI修音吗,neutral,0.0,2.0,7.0,19,1758956875000.0,,
我有个疑问，用手机外放对准话筒直接开原唱，调岂不是准的起飞，为啥没人这么干,neutral,0.0,8.0,4.0,37,1759069351000.0,,
我今天裸分922 难度系数1.05应该是可以的对吗[哭惹R],neutral,-1.0,1.0,4.0,30,1774856292000.0,,
你好啊，中奖了是等他联系还是自己主动联系的呢,neutral,0.0,1.0,5.0,22,1760529233000.0,,
活动到什么时候结束呀,neutral,0.0,0.0,2.0,10,1762774933000.0,,
会不会电话通知你，我之前有注册过，填写过号码是不是自动评比。但是忘了是哪个号码，万一通知不到本人会咋样，我今天唱了裸分926,neutral,0.0,0.0,5.0,62,1772787410000.0,,
许愿同款包[害羞R],neutral,0.0,0.0,2.0,10,1769252681000.0,,
是不是有固定歌单啊 还是随便自己爱唱什么,neutral,0.0,0.0,2.0,20,1762222755000.0,,
背来背去 还是爱背这个  就是脏了[捂脸R],neutral,0.0,2.0,4.0,22,1785040162000.0,,
第一排有个小熊挂件的是蔻驰哪款阿,neutral,0.0,1.0,3.0,16,1785414422000.0,,
mcm这个米色我真的觉得比干邑色好看，而且不显眼,neutral,0.0,30.0,5.0,24,1784089966000.0,,
波士顿包是mini号吗,neutral,0.0,2.0,1.0,11,1785079702000.0,,
你的门承担了太多,neutral,0.0,17.0,1.0,8,1784070082000.0,,
什么挂钩吗 挂这么多包掉不下来吗,neutral,0.0,3.0,1.0,16,1784600713000.0,,
珑骧的背带怎么弄的啊，是我买的型号不对么,neutral,0.0,1.0,3.0,20,1784299041000.0,,
[哭惹R]在哪里买[偷笑R],neutral,-1.0,3.0,1.0,14,1784205779000.0,,
上面这个粉色的寇驰盒子包叫什么呀,neutral,0.0,1.0,1.0,16,1785470492000.0,,
珑骧多大尺寸,neutral,0.0,0.0,0.0,6,1785558183000.0,,
这个[doge],neutral,0.0,3.0,39.0,8,1764664984000.0,,
有没有代购？[合十R][合十R]想买,neutral,0.0,3.0,18.0,18,1764301744000.0,,
不便宜哦，今天刚去看[叹气R],neutral,0.0,14.0,13.0,15,1764913761000.0,,
有没有这只,neutral,0.0,1.0,5.0,5,1764161173000.0,,
这么近，今天来看看,neutral,0.0,1.0,6.0,9,1764802002000.0,,
有没有卡包卖呀 明天到港[害羞R],neutral,0.0,2.0,4.0,17,1764145949000.0,拖延与行动障碍,
这个呢,neutral,0.0,1.0,6.0,3,1764171126000.0,,
几张呀,neutral,0.0,3.0,4.0,3,1764147575000.0,,
city33有吗,neutral,0.0,1.0,3.0,8,1764333088000.0,,
活動時間是到什麼時候？,neutral,0.0,1.0,3.0,11,1764149795000.0,,
我拿的包是这款,neutral,0.0,37.0,26.0,7,1757149094000.0,,
你是邮寄的嘛？今天他让我发个二维码就让我等消息了 也没问地址啥的[笑哭R],neutral,-1.0,1.0,11.0,37,1757160960000.0,,
我这分算高吗,neutral,0.0,2.0,8.0,6,1757341105000.0,,
我不知道算不算偏方，首先选歌不要管难度，就往简单的选裸分进最重要，然后可以参照前面几天的排名去看看什么歌曲中彩率高，然后一个个试，我是试了好几次，然后到此生不换的时候我发现我开口第一句最高到过960裸分，然后稳住唱完慢慢掉卡了一个923，然后死命专攻它，但是这么做有个弊端，就是大家都找这类的歌去尝试，但规则里说明了，当日同一首歌只会选取最高的那一个人，也就是说你此生不换哪怕唱到950绝对前十，但有一个人同样唱这首歌是951，那你也会被淘汰，所以，为了包去的，选定一首开口能拿巨高分的歌曲然后稳住，一般掉出900就没戏了[害羞R][害羞R][害羞R],positive,2.6,121.0,16.0,276,1757250148000.0,,
安徽的歌王 可以在合肥一起唱歌吗！,neutral,0.0,2.0,3.0,17,1757264630000.0,,
每日歌王比赛继续，天天都会有。近期会推出新的奖品，大奖呦[微笑R],neutral,0.0,8.0,7.0,33,1757410407000.0,自律与习惯,
我当时唱完系统生成889，这个是裸分还是加上难度系数的分数，唱完让我登记电话了,neutral,0.0,3.0,9.0,39,1758470299000.0,效率与工具,
前面能900+，后面莫名其妙给我掉到800多了，有时候还0音准[哭惹R],neutral,-1.0,0.0,1.0,36,1759912963000.0,,
906也写电话了[生气R],neutral,-1.0,0.0,3.0,13,1763997519000.0,,
感谢教程，我拿到了[皱眉R],neutral,1.0,7.0,2.0,14,1757241609000.0,,
憋回去的眼泪去哪了 感谢大家，这是我的心理漫画书，是关于安全感，边界，讨好，攻击性，执行力，拧巴...等等心理成长相关的暖心小故事～,positive,2.0,52.0,0.0,66,1765200211000.0,"拖延与行动障碍,自我接纳与成长","拖延挣扎型,积极成长型"
事实上幸福真的是下面这样的吗？,neutral,1.3,8703.0,1339.0,15,1763047338000.0,,
这个我没看懂,neutral,0.0,676.0,360.0,6,1763076641000.0,,
第12张下面的那张应该改成这样[doge],neutral,0.0,8771.0,98.0,21,1763051524000.0,,
这张很妙,neutral,0.0,1196.0,92.0,4,1763084703000.0,,
我就知道我的手揉馒头这样已经很优秀了,neutral,0.0,2241.0,227.0,18,1763048182000.0,,
猫猫这张没看懂,neutral,0.0,9.0,18.0,7,1764546406000.0,,
我是一个大货车司机喜欢写字画画，我以为写的不错，现在看了真理子这幅漫画以后没有信心了，大家看看怎么样[抱拳R][抱拳R],neutral,1.0,214.0,33.0,60,1765326979000.0,,
我以为的牛市和实际上的牛市,neutral,0.0,771.0,37.0,13,1763083480000.0,,
看到这个图，这辈子值了,neutral,0.0,256.0,20.0,11,1763045475000.0,价值与价格,
谢谢大家喜欢！欢迎看看我的心理漫画书呀 憋回去的眼泪去哪了,positive,2.0,2433.0,37.0,29,1767488796000.0,,
在星期零的早上看到很安慰,neutral,0.0,0.0,387.0,12,1767488556000.0,,
歇斯底里是崩溃 底里歇斯是美味[doge],neutral,-1.0,0.0,580.0,21,1767445250000.0,情绪与内耗,情绪内耗型
混沌邪恶治愈一切！[派对R],neutral,1.0,5223.0,79.0,14,1767493008000.0,自我接纳与成长,
为什么感觉大家都很热闹只有我孤独,neutral,-1.3,860.0,248.0,16,1767450774000.0,,
有一种这个的感觉哈哈哈哈哈哈哈哈,neutral,0.0,2331.0,74.0,16,1767579626000.0,,
好棒！换个角度豁然开朗 屡战屡败显得无能 屡败屡战显得持之以恒 但其实是一回事,neutral,0.0,8294.0,105.0,39,1767409218000.0,,
谁懂一下元旦一个人窝着爽打了三天游戏的美味[黄金薯R]0社交0工作（有但是管他的）,neutral,0.0,670.0,30.0,41,1767469402000.0,,
我每天都在这两种状态里不停切换，更致命了,neutral,0.0,3960.0,74.0,20,1767442424000.0,自律与习惯,
遭遇中总有礼物，只要我认得出[得意R],neutral,0.0,154.0,7.0,19,1767448965000.0,,
所以为什么要戒色[笑哭R],neutral,-1.0,2209.0,98.0,13,1775757339000.0,,
记小赢，记屁账，戒色，找骂练习，动一下就跑,neutral,0.0,5462.0,24.0,21,1775803761000.0,,
对正常人来说不需要戒色吧？反而我感觉自己欲望很低的时候是非常害怕的，那可能意味着激素水平下降，衰老或者抑郁症,negative,-1.6,787.0,38.0,54,1775844727000.0,情绪与内耗,
"1.记小赢：每天记下一件让你觉得我还行的小事
2.记屁账：随时随地地写日记，把不好的情绪倒出来
3.戒色：不要愧疚，这只是冲动，立刻去做别的事
4.找骂练习：主动和陌生人说话
5.动起来：每天动一动",neutral,0.0,3003.0,37.0,99,1775805300000.0,自律与习惯,
结过婚也戒色吗[哭惹R],neutral,-1.0,0.0,0.0,12,1785464900000.0,,
这种博主也用ai写稿[微笑R],neutral,0.0,262.0,19.0,15,1775960679000.0,,
戒色这个不太认同 和吃饭一样的原始欲望 要是满足不了 怎么去干别的 没必要压抑自己啊 只要不是纵欲就行了吧,neutral,0.0,201.0,6.0,53,1775965820000.0,,
我还蛮讨厌do I 的，每一任都说我性冷淡[笑哭R],negative,-2.0,14.0,3.0,26,1775912205000.0,,
其实我感觉第四个没啥用，我就是不怕跟人说话的人，但是我觉得很累，不怕和心理排斥是两回事,neutral,0.0,45.0,6.0,43,1775766747000.0,,
戒色怎么戒？我觉得自己比较有想法时候，刷视频看帅哥带来的快乐感觉会强很多，会让大脑感觉很开心呀。难得偶尔有个一两天会想看帅哥还能让自己情绪变得很积极，不要戒哈哈哈哈,positive,4.800000000000001,9.0,4.0,82,1776124344000.0,,
你让人开题四次才过，跟她得优秀论文之间没有必然联系[微笑R][微笑R][微笑R],neutral,0.0,1032.0,27.0,40,1751450680000.0,,
他说的真的是对的，评论区里觉得不能等同是因为你还是没明白，没明白整个社会就是人类的游戏，事实是真的没有什么是重要的，人生是游戏，不要让自己痛苦，不要让任何人代庖你。,neutral,0.0,6922.0,210.0,82,1751445298000.0,,
但小孩子没了玩具就是很伤心啊,neutral,0.0,110.0,10.0,14,1751550164000.0,,
研究生带入不了一点，那是天大的事[哭惹R],neutral,-1.0,1986.0,50.0,21,1751511394000.0,,
😂写过的就知道了，开题被多次打回来真的太正常了了，开题以后的论文阶段才是真正要掉头发的时候。开题被打回来的原因很多，有一些是方向跑偏了，有一些是立意太宏大个人根本没法落地……负责任有经验的老师会在开题的时候就帮学生把开题拉到正确的或者符合要求以及能力范围内的方向上来，避免学生在后面写的时候把自己搞到坑里，发回来重新开题很常见。放在语境里“才开题而已，这才哪到哪儿啊，论文还没开始写呢，别这时候就要死要活”。如果老师不负责任，直接讲那你写吧，后面要写的时候把课题一拆开，发现得一个诺贝尔团队才能搞定（课题太宏大这个挺常见的，因为不少学生年轻气盛觉得自己啥都能研究明白），那才是真的完了[捂脸R],neutral,0.0,448.0,8.0,297,1751442770000.0,"目标与计划,拖延与行动障碍",方向迷茫型
事后看都是小事，临事看都是大事。只要人成功了就能对之前的苦难一笑而过，但是不是所有人都能成功[失望R]过分的从宏大叙事的角度抹杀自己的真实情感会造成心理疾病。,neutral,1.0,3639.0,56.0,79,1751461062000.0,,
"人们总喜欢以“过来人”的视角去指点江山，殊不知不同的人生、不同的时间节点都会有不一样的人生课题。上了大学说高考有什么难的？当了教授说答辩有什么难的？为人父母说结婚生子有什么难的？做了公婆说赡养老人有什么难的？
当身边人需要帮助的时候，没有任何共情能力，反而觉得“他还没我受的罪多”。对于一个小学生而言，可能父母的关爱、老师的肯定、同学的爱戴就是天大的事，每当出现因鸡娃教育而导致悲剧发生时，总会有人大言不惭，说什么“因为这点小事就。。。。”，人生每个阶段走过的每一段路程都没有“小事”可言，每个人都在自己的人生轨道上耕耘，你看不起别人就是看不起曾经的自己。
",positive,2.0,1835.0,54.0,279,1751591922000.0,目标与计划,
想到这样的话糊弄不了大家了就高兴。当你到更大的平台拥有更多自由度更宽阔的眼界更延展的未来时你确实回想会觉得当时的痛苦没有那么毁天灭地。可是放在当时这就是极重要的事，任何人高高在上地评价都没有用。。。,neutral,-1.0,173.0,3.0,99,1753546157000.0,,
本质上是我们的文化不允许放慢脚步来试错，所以越到所谓的关键节点，经历者就越会有一种莫名的焦虑，像在被什么推着走，这时候如果前面又碰巧立起来了一道墙，那自然会被前后夹击到无法呼吸，多年后飞在天上路过当时拦住过自己的这道墙，会觉得它看起来渺小又可笑，仿佛一口气就能吹倒，但是它恰恰就在起飞的必经之路上，避无可避,neutral,0.0,151.0,8.0,153,1751443206000.0,"自我接纳与成长,情绪与内耗",情绪内耗型
为什么删除我评论,neutral,0.0,2.0,10.0,8,1751451911000.0,,
有没有一起进步的小伙伴,neutral,1.0,348.0,332.0,11,1714151011000.0,自我接纳与成长,积极成长型
别再刷无聊的抖音了，姐妹们，不如听听讲座来提升自己[飞吻R],neutral,-1.0,307.0,39.0,30,1716129388000.0,,
我现在特别迷茫，学历小学毕业，我现在都不知道咋提升自己今年都满30了。,neutral,-1.3,325.0,118.0,35,1714699156000.0,情绪与内耗,方向迷茫型
我正在看清北的直播讲座，确实开拓了我的思路[偷笑R][偷笑R],neutral,0.0,15.0,31.0,31,1715239584000.0,,
excel，PPT要学精[okR],neutral,0.0,1.0,3.0,17,1713186885000.0,,
准备去学excel和word，五笔输入法，线下学15天1700，一天两节课 一节课一小时 主要看实操,neutral,0.0,2.0,11.0,50,1714903073000.0,,
一切的前提是你要有朝气，就是阳气十足否则进行不下去一点坚持不住的。姐妹们我再加一条学点中医日常养生，推荐博主“千金子”[失望R]。,neutral,1.0,173.0,16.0,65,1713226950000.0,自律与习惯,
我32岁刚生完孩子3个月，回到职场，但是公司好像经营快不行了，听说这几个月就会遣散员工，之前一直做行政人事任职岗，突然很迷茫，不知道自己要干什么，年龄限制了很多，有什么好的建议吗？,neutral,0.0,3.0,10.0,90,1717037737000.0,情绪与内耗,方向迷茫型
我是个80后残疾女孩 请教下老师我可以做哪些副业和运动吗？最好坐着运动的[飞吻R]感谢🙏,neutral,1.0,5.0,16.0,44,1714028318000.0,,
有没有一起听清华讲座的小伙伴[微笑R][微笑R][微笑R],neutral,0.0,0.0,3.0,29,1716805561000.0,,
看这个视频我爱上了两个人[赞R],positive,2.0,0.0,57.0,16,1778949444000.0,,
哈哈哈被伤害了人家不道歉的话我会在所有事情上都防着她[笑哭R],neutral,-1.0,0.0,84.0,31,1778946114000.0,,
宝宝我有点不知道第一点到底是什么意思，能给我举例一下吗？我有点听不懂……,neutral,0.0,527.0,91.0,36,1778945363000.0,,
但是她道歉了，我也不想接受，可以吗？我就是生气了。,neutral,-1.0,2991.0,101.0,25,1778985555000.0,,
你能不能用最精炼和口语化的语言说明这篇视频讲了什么@问一问,neutral,0.0,0.0,1.0,29,1784861918000.0,,
朋友做出了我不喜欢的事，触犯了我的边界，然后我就开始疏远她，感觉以后不往来的那种，这对吗,neutral,1.0,901.0,38.0,44,1778946992000.0,拖延与行动障碍,
成年之后怎么交到很好的朋友[哭惹R][哭惹R][哭惹R][哭惹R][哭惹R],negative,-6.4,39.0,13.0,38,1779124541000.0,,
可以问问是怎么交到新朋友的吗？,neutral,0.0,49.0,14.0,15,1778937104000.0,,
,neutral,0.0,216.0,7.0,0,1778993979000.0,,
姐姐我第二个点没太懂，可以再简单阐述下吗,neutral,1.3,11.0,9.0,20,1778945289000.0,,
你想要拉她一把的时候，却发现：有的母亲已经在水里长出了鳃。,neutral,0.0,0.0,788.0,29,1778661096000.0,,
"已经比我高的马上就要成年的女儿在畅想以后一个人居住要怎样装饰房子，要有两间，一个卧室一个电竞房，卧室要简洁明亮，电竞房要电脑➕贴满喜欢的动漫，厨房可以小卫生间要大，要有浴缸，浴缸旁要有个可以放平板的支架。。。。。。想的很细致，偶尔还会画一画，想的时候是憧憬着的，画的时候是轻松的，脸上愉悦的微笑。 她设想的生活里没有我，我在她的故乡的老房子里，一如我的妈妈在我的故乡，一代一代的目送和离开。 她偶尔跟我说，以后不要像那些催婚催生家长们啊我不结婚啊。我说哦。她说你也不要总想抱孙子啊我也不生。我说哦。
生命自然的流淌，我慢慢地会停下来，你也许驻足也许前行，过什么湾遇见什么景，愿意回来跟我说说就挺好。",positive,4.800000000000001,0.0,677.0,299,1778647647000.0,,
我好像对应到第一条热评了。我是女儿，我长大了 ，有了自己的家，但这个房子里没有异性没有儿童房没有留给婆婆的客房，只有属于我小时候爱玩过家家的梦想，和我的小猫。房子不大，但这是只属于我的一方小天地，感谢父母理解我的“自我”[星R],positive,2.0,0.0,603.0,114,1778673875000.0,,
文字表达很好；但感觉不是一个做母亲的人写的，因为这世界上，母亲是那个最不愿女儿 再受自己苦的人,neutral,0.0,1815.0,222.0,47,1778669595000.0,,
只有你也下水，她才能在水中拥抱你，帮助你。你根本不下水，水里只有她一个人。,neutral,1.0,6043.0,151.0,37,1778654611000.0,,
幸福的婚姻>单身>不幸的婚姻。不是所有婚姻都是不幸的吧...太绝对了,neutral,1.3,2019.0,339.0,34,1778657703000.0,,
妈妈，我不生小孩，至少在我余生所有的亲人里，不会有比你更重要的了,neutral,0.0,2441.0,28.0,32,1778655818000.0,,
如果你是和我没有关系的人，我会祝你自由，但你是我女儿，你的命运就该和我一样,neutral,1.0,216.0,30.0,37,1778672310000.0,,
每次我都可以用一句话结束话题：妈，结婚了就是过上好日子了吗？妈妈就沉默了哈哈哈。[哭惹R]我周围可没见过几个婚后过上好日子的，就算婚后过得好也是因为人家婚前就过得好。,positive,1.6,3688.0,414.0,83,1778667752000.0,,
不知道为什么，我总觉得书里的口吻不像是一位母亲在写女儿，倒是像女儿再揣度母亲的想法，因为她的想法太像我了。我记得母亲有一天像我伸出一只手，我把我的手搭在她的手上边，立刻感到她手上厚重的茧子，粗剌剌的，我像是摸到了一张老树皮。而我的手只有握笔的指节侧边有一点茧子。我记得她年轻的时候十分爱美的，这么多年的蹉跎，她一直在做苦力活。她摸着我的手，她的手是硬邦邦的，手背已经有了一点棕色的斑点，轻微的，我当时鼻子一酸，有点憎恶自己，我不得不承认她的一部分苦难是我造成的，我希望她愱殬我一些，我希望她讨厌我，以此获得一种心理上的轻松，让自己的负罪感减轻，可她还是那么爱我，只是亲昵的用脸颊蹭了蹭我的手背。,positive,3.9000000000000004,7541.0,229.0,297,1778670865000.0,,
直接扯着嗓子大声问问，呦师傅，车上两个美女你问谁啊？！,neutral,0.0,1123.0,33.0,27,1744249777000.0,,
不 他不是看不起你 他是烦那个女生不理人,neutral,-1.0,363.0,25.0,20,1744164898000.0,,
所以怎么对第一个司机的呢[笑哭R],neutral,-1.0,1496.0,104.0,17,1744122278000.0,,
觉得你想太多了。你在烧烤店里，别人看你那一下，其实别人真不是在看你斤斤计较那个意思。只是你先发声的，别人本能顺着声源看过来。,neutral,0.0,329.0,11.0,62,1744130360000.0,,
所以凝视那个司机啥了？,neutral,0.0,407.0,21.0,11,1744133515000.0,,
其实博主你这么敏感反而是很遵循你所谓不应该遵循的规则，如果你真的不内耗，那你都不会感受到司机撇你一眼的所谓“瞧不起”的情绪，你也不会默认周围客人扭头看你是在批判你计较。。你是一个完完全全屈服于这套规则的人，只是把自己武装成刺猬，去反抗这套规则，你这样其实会积累戾气的。。我不觉得你能自洽，你每次都能秒get恶意，然后武装自己告诉自己我没有错，很累。。。。真正自洽的人，会觉得其他客人扭头看我是佩服我有勇气。。所以你这套只是给自己打气而已。真正的本质应该是直接不接收这种恶意。。我不知道我有没有表达清楚。,neutral,0.0,256.0,17.0,251,1745686568000.0,"情绪与内耗,自我接纳与成长",情绪内耗型
你说了憋屈的故事，然后不骂回去是想气死路过的我吗[笑哭R],neutral,-1.0,69.0,9.0,29,1744207746000.0,,
司机的不屑是你感觉出来的，未必真实。就像你自己说的，是本身你认为你自己的颜值一般+不打扮就不能被称作美女。首先你自己认可这个事情，所以你解读司机是认为你配不上美女这个词而出现这个“不屑”的情绪。然而司机有没有可能会觉得，小姑娘年纪轻轻连自己到没到地方都不知道吗？或者司机平时就是这么回复别人问题的，司机本来就是个漫不经心的人。事情就是这个事情，产生什么情绪才是自己要看到的问题。,neutral,0.0,169.0,17.0,189,1744116868000.0,,
烤串的场景，即使他们是看我，我也不一定会觉得在看我，或者内心谴责我，而是他们想跟我学怎么维护自己的权益。,neutral,0.0,1231.0,56.0,52,1744125658000.0,,
区别对待了又咋的？人性都是追求美的呀,neutral,0.0,4.0,6.0,18,1744191715000.0,,
说白了就是有家里兜底那当然不怕会沉没捏……好毒的鸡汤,neutral,0.0,0.0,444.0,26,1743431125000.0,,
怎么样有钱的人才能三本毕业，还能去上海有10k的工作，还能有工作室给你6k的朋友，大笔花钱旅行，还能搬去北京，还有钱学滑翔伞和手碟[笑哭R]只能说真的有钱兜着，不怕瞎折腾,neutral,-1.0,0.0,84.0,85,1743437382000.0,,
[笑哭R]你确实有点滞后，这篇文章疫情前发的话，你已经上热搜了，话题度直接爆了，大家被生活毒打几年，没有那么理想主义了,neutral,-1.0,7767.0,65.0,59,1743435409000.0,,
花了一堆家里的钱但标榜自己自由然后开始立互联网人设反向贩卖焦虑割韭菜,neutral,0.0,3491.0,48.0,34,1743432841000.0,"拖延与行动障碍,情绪与内耗",情绪内耗型
有一点好奇就是：这些所谓的自由职业者，体验各个行业的人，他们为啥不去体验一下修车？体验一下上门保洁？或者去工地干一段小工？又或者去搞装修？,neutral,0.0,431.0,16.0,69,1744409513000.0,,
"这种文章可能我在14、15岁的年龄读起来会热血沸腾，可是我都20岁了，我能看到的只是一个人的浮躁还有能给她支撑的背后的家庭。
今天语文课读王小波的《一只特立独行的猪》，老师最后就说，每个人都想去追求自由，但是自由的前提是你有没有能力承担犯错的代价。",positive,2.0,4845.0,57.0,124,1743441351000.0,,
…不要为了立人设带坏孩子，别让他们觉得自由的成本很低，也不要让小孩觉得 不能作为一个个体 自立的前提下，能够去追寻所谓的“自由”，别给从未清醒规划过的人生 现在后知后觉地打上“自由”的免死金牌,positive,3.9000000000000004,1146.0,18.0,96,1744471901000.0,目标与计划,
评论区戾气很重，个人认为大部分人终其一生也只是个普通人，庸庸碌碌过完这辈子。那些嘲讽博主靠父母的人，自己又好到哪里去？找个看似稳定的工作，赚个仨瓜俩枣，最后买车买房，生儿育女还不是要靠自己的父母托举，吃着父母的血汗还标榜自己的成熟。谁又比谁高贵到哪去？,neutral,1.3,118.0,7.0,126,1744066704000.0,,
我可能从小负担太重了，总觉得要为父母的健康考虑，担心万一生病需要很多钱，所以一直在攒钱[泪崩R],neutral,0.0,344.0,20.0,48,1743427061000.0,情绪与内耗,
真的很不明白评论区那群说大家不能批评博主的。并不是说所有的批评都有道理，但是这个帖子会被批评完全合理。博主花大量篇幅写了自己做了什么，然后用一种很潇洒的口吻把一切包装为“人 你的人生完全自由”。评论区之所以批评她，不止是因为没有家庭支撑她很难如此潇洒，更是因为[星R]她在这个过程中有意隐去了家庭的帮助，把一切包装为自己的因果[星R]。换句话说，这个帖子本来就夹杂着故意隐去真实情况的不诚实，而去掉了现实问题（比如家庭的金钱和情感上支持），博主的人生轨迹就看起来非常理想主义了，但这本来就是一种重大误导。,positive,7.5,651.0,14.0,252,1744152255000.0,教练方法与关系,
忍不住从心理学的角度思考对方背后的行为逻辑怎么办？,neutral,0.0,2978.0,210.0,25,1777473468000.0,,
其实很简单，就是把别人的语言和行为单纯的看成语言和行为就行了，不要去自己划等于号。比如舍友问了别人要不要一起吃饭但没问你，这时候就别“ta没问我🟰ta对我有偏见🟰我惹到ta了我不够好”就把它看成，哦哦他问了他们去不去吃饭，那我晚上想吃什么呢？把注意力收回到自己身上，别人的话语和动作都是中性的，别去自己解释。,positive,3.2,3829.0,72.0,154,1777479909000.0,,
高敏感人格需要一生去学习，简单来说就是这种文就算看了一百篇，可是事情发生那一刻改变不了的就是内耗，这是天生带来的。而且忍不住会和自己的行为去对比，比方说我能做到句句有回应可是为什么她说不理人就不理人，但是句句有回应还有真诚是我们对生活对人的态度，就算因为赌气下一次故意冷淡一点改变不了的就是这不是你本来会做的事情，咱们天生就是真诚的人，所以会用很长的时间接受总是被人被社会辜负,positive,3.0,933.0,19.0,188,1777833187000.0,"自我接纳与成长,情绪与内耗","情绪内耗型,积极成长型"
刚想仔细阅读的时候看见了猫粮[坏笑R],neutral,0.0,143.0,4.0,19,1777536718000.0,自我接纳与成长,
有些东西不能不替自己多想一点，因为没人帮我[捂脸R],neutral,0.0,532.0,10.0,26,1777476328000.0,,
不思考别人≠主体性强。我就在喜欢分析的同时，还有强主体性啊。分析别人是一个中性的事，发生与否只关乎于个人的需求和爱好。如果一个人分析的时候，其底层逻辑是去满足他人需求，并且潜意识里想尝试通过满足他人需求，让自己得到善待，那么这个人是被动的，主体性不咋高。但就我个人而言，我的分析是我的兴趣爱好，且它可以让我绕开表面上的行为、倾向、立场，从更深层次找到解决问题的突破口。这种特质让我可以不被现实的巨浪推着走，反而直接潜入深海，快速找到那颗散发着幽光的珍珠,neutral,1.0,290.0,25.0,226,1777861237000.0,"效率与工具,自我接纳与成长",
过分思考别人就会陷入别人的因果,neutral,0.0,10.0,2.0,15,1781338794000.0,,
想当一只小猫🐈每天快快乐乐的吃猫粮[doge][doge],neutral,0.0,8.0,0.0,29,1777455492000.0,自律与习惯,
得看对方是否对你重要 有没有利益关系,neutral,0.0,33.0,2.0,18,1777550007000.0,,
新时代电子意林，为什么要让社会性群居动物去学习独居倾向的机会性群居动物？[石化R],neutral,0.0,27.0,2.0,41,1777572951000.0,,
如果能看到日落，今天就是很好的一天[萌萌哒R],positive,1.6,1693.0,91.0,23,1775400985000.0,,
散了吧，ta下班能看到晚霞,neutral,0.0,7396.0,192.0,13,1775469127000.0,,
那天看到一段话，大概意思是，我们每天都在期待退休，但这其实是一件很可悲的事，因为现在的每一天都是最年轻的自己，可我们却在期待自己快点变老。[叹气R],neutral,0.0,2582.0,100.0,74,1775493643000.0,自律与习惯,
分享一张清晨的古镇，希望大家都能感受到一份平静与安宁,neutral,1.0,1077.0,94.0,26,1775470126000.0,,
分享一张西雅图美丽的景色。,neutral,0.0,945.0,51.0,13,1775452150000.0,,
这个方法确实有用，但是仅试用于工作日每天都能按时下班，且不会经常出现临时通知加班的人[呃R],neutral,1.0,1520.0,46.0,46,1775460422000.0,"效率与工具,自律与习惯",教练学习者
有没有教师行业友友，上班真的没有办法愉悦呀[哭惹R],neutral,-1.3,103.0,42.0,26,1775483813000.0,,
工作已经把我榨干了，下班只想当个废物…怎么才能在日复一日的工作中找到生活的热情呢[哭惹R],neutral,-1.0,164.0,10.0,45,1775395577000.0,,
上学上得我好想哭。咋办啊我真服了一点办法都没有。,neutral,0.0,54.0,25.0,24,1775745702000.0,,
那学生党怎么说，住宿生要熬不过去了,neutral,0.0,46.0,22.0,17,1775464124000.0,,
🍑可丽金胶卷面霜,neutral,0.0,23.0,1.0,8,1777003032000.0,,
学会让别人的话掉在地上[飞吻R],neutral,0.0,0.0,195.0,16,1776698659000.0,,
别人的眼光就是膀胱[暗中观察R],neutral,0.0,4098.0,52.0,16,1776727286000.0,,
分不清主次，目标不明确,neutral,1.0,0.0,0.0,11,1785471999000.0,目标与计划,方向迷茫型
同意。我想再加一句：很多人不是反应太多，是不懂得如何判断哪些事情才值得自己宝贵的注意力。在该回应的地方沉默，是压抑；在不该回应的地方用力，是内耗。你的注意力在哪里，人生就会走向哪里。,neutral,1.3,3702.0,33.0,91,1776691698000.0,"价值与价格,情绪与内耗",情绪内耗型
不轻易对每件事有反应，不轻易对所有人掏心费力。守护好自己的情绪，专注自己的成长，把时间和精力都花在能让自己变更好的事情上。说的对极了[点赞R],positive,4.800000000000001,0.0,0.0,71,1785410724000.0,自我接纳与成长,积极成长型
人到中年悟出一个道理：人生除了生死都是小事，没什么大不了的；而生死又是老天爷安排的，那还有什么可较真的[微笑R][微笑R],neutral,0.0,1696.0,25.0,61,1776687487000.0,目标与计划,
将军赶路，不追小兔,neutral,0.0,395.0,4.0,9,1776727372000.0,,
其实不用每条消息都回，其实不用每一句话都要接，自从悟了这个道理之后，我感觉我的人生轻松了95%，特别是我本身还是一个低精力的人,neutral,1.3,317.0,9.0,63,1776714070000.0,,
在意别人的看法 就会变成别人的裤衩！！,neutral,0.0,153.0,6.0,19,1776728778000.0,,
94年，已婚，孩子1岁半，年初的时候发现去年老公出过四五次轨，原谅了。这些年他也没亏着我，我俩都闲着，家里钱都是我管，靠收租金年收入100个左右，去年给我买了辆路虎，今年买了套新房子给我， 什么爱不爱的，无聊幼稚。也不知道是时间能冲淡一切还是我比较心大容易释怀[微笑R],neutral,-1.0,753.0,115.0,135,1748240228000.0,自我接纳与成长,
很多伤害都是从试探开始的，说的太对了,neutral,0.0,9469.0,58.0,18,1748170146000.0,拖延与行动障碍,
我今年突然发现 原来我和别人看到的世界不是一样的世界,neutral,0.0,1792.0,34.0,26,1748188382000.0,,
某一天，我突然意识到，没有人知道全貌，不管是什么的全貌，通通没有人知道准确的来龙去脉，小到路边发生的事故，大到国家发展和变化，所以整合起来，就是个人保留个人的观点，对无数个某个节点的观点。有点像蝼蚁，但就是这样,neutral,0.0,1379.0,25.0,105,1748225955000.0,,
其实越到后面越发现，唯心主义才是对的。这个世界因我呼吸而存在，因我生活的方式而展现，一旦我死亡了这个世界也就覆灭了，所以我思故我在，人得注重自己,neutral,0.0,127.0,8.0,72,1748397584000.0,,
35岁了才明白自洽的道理，才明白卷死卷活没有意义活得最久的才是最后的赢家,neutral,0.0,42.0,7.0,36,1748231984000.0,,方向迷茫型
[笑哭R]我甚至觉得世界没有真相 只有立场 人可以有多个视角 但是立场决定了他说什么做什么,neutral,-1.0,2.0,3.0,45,1784628094000.0,,
感谢手机监听，刚跟我妈吵架就是因为她指责我的穿衣打扮，我哭着把自己的想法表达了。还好，比起以前，我真的进步了，不会真的往心里去然后难受极了。,positive,1.6,259.0,36.0,70,1748220494000.0,自我接纳与成长,积极成长型
所以世界的本质其实是小马过河，而不是草台班子,neutral,0.0,48.0,2.0,22,1748275579000.0,,
向内求应该看什么书，我现在很想看书但不知道看什么好,neutral,1.3,7.0,8.0,25,1748228030000.0,,
跟我现在很像！！我只留下了小红书除了上班 下班有空就做副业兼职健身  晚上12点前必须睡 我感觉很充实 每天都可以有收获 不仅是钱还有身体健康,positive,1.6,152.0,25.0,71,1657250886000.0,自律与习惯,积极成长型
今天中午和先生沟通我们婚姻存在的问题，发现对方疲于应付，沟通不了，这几年夫妻之间出现了原则性的问题，二宝才刚刚一岁，虽然经济独立，可是不适合离婚，也承认对他还有感情，可是各种问题依旧存在于婚姻中，他也知道我们之间的问题在不沟通上，却不作为，我想放弃了，戒爱，让自己成长起来，报了瑜伽，因为太着急，让自己练受伤了，现在内心很受挫，太着急让自己赶紧成长起来，想着就算哪天决心离开或者“被离开”，也能很好的面对未来的生活，看到您这篇文章感觉很励志，希望自己能坚持，做一个自律的自己，做一个自律的妈妈，希望姐妹们能给我打气[微笑R],positive,19.599999999999998,51.0,22.0,262,1658815799000.0,"教练方法与关系,自我接纳与成长,自律与习惯","习惯崩盘型,积极成长型"
有自律群吗？求加入,neutral,1.0,11.0,20.0,9,1657347569000.0,自律与习惯,
怎么加入,neutral,0.0,35.0,10.0,4,1657173801000.0,,
你确定《活着》是治愈书单[哭惹R][哭惹R][哭惹R],negative,-2.0,4.0,10.0,27,1658820577000.0,自我接纳与成长,
我也想如此自律，但孩子和老公总得分点时间陪呀[笑哭R]感觉你的时间里没有老公、孩子、家庭琐事……,neutral,0.0,9.0,6.0,48,1661222271000.0,自律与习惯,
一个宝妈带两个孩子该怎么自律呢呵呵,neutral,1.0,1.0,4.0,17,1658654696000.0,自律与习惯,
好棒啊，静下心来，慢节奏的生活才是最好品质的生活,positive,2.6,5.0,3.0,24,1657186141000.0,,
我觉得小红书是个特别好的地方，正能量的文章比较多，不像某音，看久了会让人很气愤感慨这个世界怎么了！看到你，觉得我们应该都这样生活才对！,positive,3.8,29.0,3.0,67,1657498677000.0,,
早睡早起，坚持早起运动。已坚持一个多月了。不为别的，只为有一个健康的身体,positive,3.0,2.0,3.0,36,1657315493000.0,自律与习惯,
这个视频应该多多推给男生……给我看干嘛,neutral,0.0,6901.0,196.0,19,1781477673000.0,,
我觉得女孩子也需要和男的交流，有助于祛魅和治疗恋爱脑[偷笑R],neutral,0.0,1230.0,22.0,31,1781500294000.0,,
这里是🍠还好，别的平台私信记得关.....,neutral,-1.0,575.0,7.0,21,1781610644000.0,,
贾母夸宝玉是有女孩一般品格的男孩[doge],neutral,0.0,2908.0,16.0,22,1781434597000.0,,
有姐姐的弟弟一般也尊重女性，因为从小被调教[笑哭R],neutral,-1.0,938.0,71.0,26,1781457195000.0,,
感觉很善良心思细腻就会被说gay[叹气R],neutral,0.0,145.0,9.0,21,1781779637000.0,,
不是对女性的尊重，是对人的基本尊重。,neutral,0.0,771.0,4.0,18,1781603175000.0,,
宝宝，你的共情力，你的细腻，其实是你本身就拥有的，女孩子更多是给你传递能量,neutral,1.0,3887.0,22.0,37,1781499071000.0,,
现在小学男生更是重灾区,neutral,0.0,152.0,8.0,11,1781567337000.0,,
其实是相互的，女生也要多和男生交流，也能看到自己平时看不到的一面。国内不好的一点就是从小就把男女分化开来，初高中男女走近一点就可能会被怀疑是谈恋爱，有些地方男女还不能同桌。所以这样男生女生长期缺乏交流的情况下两性对话是很困难的，长此以往双方都会活在自己的圈子和世界里并且失去和异性交流的能力,neutral,0.0,1065.0,24.0,145,1781612389000.0,教练方法与关系,
,neutral,0.0,5275.0,77.0,0,1776065491000.0,,
长大后的照片看似网红脸实际是因为很多人都会p图。博主是直接长成了p完的样子[笑哭R],neutral,-1.0,0.0,50.0,42,1775924294000.0,,
女娲你不会感到不好意思吗,neutral,0.0,0.0,175.0,12,1775929306000.0,,
为什么小时候更惊艳呢，虽然现在也超美,neutral,0.0,1906.0,53.0,18,1775926279000.0,,
在绝对美貌的帖子下面就清静了，没人晒自己的照片,neutral,0.0,7165.0,110.0,23,1776177932000.0,,
美女你随便吧,neutral,0.0,4501.0,61.0,6,1776088016000.0,,
虽然你现在也很好看，但是你小时候更好看[萌萌哒R],neutral,0.0,563.0,4.0,25,1775924730000.0,,
为什么感觉你爸爸妈妈都没有长得特别牛逼，但是你可以长得这么牛！！跟爸爸妈妈没那么像,neutral,0.0,535.0,44.0,41,1776129612000.0,,
感觉可以多试试不一样的风格 韩系是属于普通美女小美的赛道 你完全大美啊姐！这个风格特别舒适圈 其实可以试试跳出舒适圈,neutral,0.0,2180.0,19.0,58,1775929133000.0,,
sorry  i know you r pretty but can't  remember your face,neutral,0.0,94.0,3.0,56,1775927782000.0,,
1.我沉浸于吃饭。2.我不用努力就比别人吃得多。3.吃不到好吃的我从来不服气，总要下顿吃回来。结论：,neutral,0.0,0.0,441.0,50,1762415963000.0,,
没用，ADHD做啥都沉浸，兴趣爱好一大堆一旦开始就控制不住自己废寝忘食。,neutral,-1.0,3445.0,184.0,36,1762414634000.0,拖延与行动障碍,
我感觉我的说出来要被骂[捂脸R]，1.我沉浸看耽美小说和漫画。2.我一般可以找到不花钱的盗版看。3.找不到未删减版的我就不服气，我想办法到处找，直到吃上饭[捂脸R],neutral,0.0,2598.0,195.0,82,1762625744000.0,,
三十多岁爱好画画画手账，有时一个人在家能画十来页，已经画了两本，天天琢磨怎么再画好[偷笑R],neutral,1.3,2687.0,203.0,46,1762473917000.0,,
1.我沉浸于看电视剧，2.我不用努力就能比别人看的多，3.没看到好看的我从来不服气，总会有时间再找。结论：,neutral,0.0,422.0,33.0,53,1762424974000.0,,
其实我什么天赋都没有,neutral,0.0,46.0,49.0,10,1762998585000.0,,
看小说，一看到好看的就忘了时间，找不到好看的就努力找，看到好看的就很快乐,neutral,1.3,117.0,20.0,36,1762417282000.0,,
1.我沉浸于给男人写小作文，2.我毫不费力就能写个几万字小作文，3.男人越不爱我我越能写，结论有吗？[呃R][呃R][呃R],neutral,0.0,332.0,70.0,62,1762520854000.0,,
喜欢并擅长数学，可惜没有出路，只好学了别的[捂脸R],neutral,1.0,3.0,21.0,26,1762417068000.0,,
我做面包超沉浸，把抑郁症都做好了；纯业余靠自己摸索，喜欢在口感和组织细腻上不断精进和超越；失败了也不在乎继续做。现在几乎是谁吃都说好吃，而且用的是普通面粉。带孩子也是这样。所以现在全职在家带孩子，时不时做点面包自己吃。挺开心的就是变不了现[笑哭R],neutral,0.0,120.0,37.0,124,1762479916000.0,情绪与内耗,
点@楚宁的小助理 找楚宁🉐小红薯运🈺经验分享,neutral,0.0,0.0,1.0,22,1717946994000.0,,
停止后悔，不再犹豫！,neutral,-1.0,441.0,11.0,10,1656513012000.0,,
做什么事都静不下心来，想做什么，又什么都没有做，晚上就开始后悔，第二天重复前一天，日复一日，要…完蛋……了,negative,-2.0,84.0,10.0,53,1656609819000.0,拖延与行动障碍,
天啊，我全中，我结婚以后怀孕了因为身体差没有保住，从那以后就感觉没有以前开心了，只想一个人待着，有时候一两天不吃饭，有时候一顿吃很多，去医院检查身体比之前更差了，焦虑，心肌缺血，最近也是一样，啥都不想做,neutral,-1.0,1.0,4.0,101,1658674521000.0,情绪与内耗,情绪内耗型
我每天都坚持看书[doge](小红书),neutral,1.0,11.0,4.0,19,1656928604000.0,自律与习惯,
哈哈，只想学习，不想内耗,neutral,-1.0,2.0,4.0,12,1656509828000.0,情绪与内耗,情绪内耗型
没有系统的行动计划，总是做一些零碎的事情，一时兴起开始做，做一段时间又开始迷茫，再重新审视自己，又开始之前的事情，然后重复，感觉每一次都回到了原点，迷茫，疲惫总是明确不了方向，不知道怎么办，不知道怎么做,negative,-4.0,5.0,3.0,101,1663459263000.0,"效率与工具,拖延与行动障碍,目标与计划,情绪与内耗","方向迷茫型,情绪内耗型"
我要戒掉打麻将，要开始学习，可以推荐书籍给我，谢谢,positive,2.0,1.0,3.0,25,1659175338000.0,拖延与行动障碍,
怎么样才能成为运营博主呢,neutral,0.0,1.0,3.0,12,1657494540000.0,,
根本控制不住[哭惹R][哭惹R]，这段时间跟宿舍关系发生变化，一直内耗，总是开解自己，但是一回到宿舍又开始了，有没有人互相开解一下的[哭惹R],negative,-4.0,3.0,3.0,71,1695541585000.0,"情绪与内耗,拖延与行动障碍",情绪内耗型
很喜欢这次观夏的夏日五周年主题“翻阅时光的痕迹”。花一整个下午读完评论区的所有留言，觉得很怅然。然而还是觉得回顾遗憾的意义在于向前看。如果有此刻不能释怀的爱和遗憾，就用力地怀揣着它们去更广阔的世界寻找答案吧。uu们，祝幸福，祝顺利。,positive,4.800000000000001,185.0,2.0,116,1776853305000.0,"效率与工具,自我接纳与成长",方向迷茫型
"“友情最可怕的不是绝交，而是我们已经不联系了，但我的妈妈还记得你的名字。”真的是这样。
",neutral,0.0,6851.0,113.0,44,1776706053000.0,,
“有人在我生命往来穿梭，留下一部分她们，带走一部分我。”,neutral,0.0,3060.0,42.0,28,1776700635000.0,,
其实我成长过程的少女心事一直都是友情,neutral,1.0,2934.0,31.0,18,1776709865000.0,自我接纳与成长,积极成长型
可是想起那些袒露真心的夜晚心里又会隐隐作痛，就像永远不会停的阴雨天..,neutral,0.0,892.0,20.0,35,1776687992000.0,,
还是很怀念过去坐在天台畅想未来的我们，以及那些诱人的美好的约定和期待，从大大方方说“你就是我最好的朋友”到现在因为不确定而再也说不出口，想到这些有点淡淡的伤心，没办法也很无力，成长为大人的我们不断地，不断地拥有彼此的生活和新的朋友。谁也没有错，只是我们不约而同在无数个需要的安慰的时候，激动万分的时候不再坚定选择分享给对方而已。很谢谢你陪伴我走过一段如此美妙的少女时代，但我要放下你继续向前了。,positive,5.699999999999999,855.0,10.0,197,1776694501000.0,"情绪与内耗,自我接纳与成长,教练方法与关系","方向迷茫型,情绪内耗型,积极成长型"
我最近逐渐意识到一个非常显而易见的事实：只有我会一直陪着我自己，但当我并不知道我该如何陪伴着我自己时，我感动迷茫,neutral,0.0,1339.0,32.0,56,1776703348000.0,"教练方法与关系,情绪与内耗",方向迷茫型
不懂不明白就默默流泪,neutral,0.0,179.0,3.0,10,1776692171000.0,,
这时候就要掏出卷老师的夏令营理论…,neutral,0.0,75.0,4.0,17,1776697459000.0,,
可是 我还是觉得友情很重要 很重要 我不能什么都不做 默许缘分让我们离开[抽泣R],neutral,0.0,39.0,7.0,41,1776702631000.0,,
看了半天，不还是得在乎钱吗。。。,neutral,0.0,2006.0,53.0,16,1717406805000.0,,
我被亲戚骗走了700万，原来是我的价值观有误[笑哭R],neutral,-1.0,4.0,4.0,27,1717484814000.0,,
请问这是什么电影/剧的片段啊？,neutral,0.0,10.0,10.0,15,1717448157000.0,,
这部电影我好像看过啊 想不起名字了,neutral,0.0,0.0,2.0,17,1717433093000.0,,
坏事还没发生就提前焦虑，会不会，提前焦虑考虑多一些，有时候坏事就不会发生呢？[doge],negative,-2.0,63.0,34.0,44,1717488271000.0,情绪与内耗,情绪内耗型
大部分鸡汤都是有毒的[笑哭R],neutral,-1.0,20.0,3.0,15,1717573023000.0,,
只要想钱还是会内心不平静，够吃就可以了,neutral,0.0,1.0,2.0,19,1717681700000.0,,
能被这个鸡汤感动的，只是那种财富已经小小自由，未婚未育的人感触最深吧？,positive,2.0,16.0,2.0,35,1717549374000.0,,
我就是这样的心态：无所谓，反正顺其自然就会解决，但现在也有个很大的缺点，没有生活规划，因为不会提前焦虑。,neutral,-1.0,7.0,3.0,52,1717685145000.0,"目标与计划,情绪与内耗",情绪内耗型
看到我的钱三个字就知道这是废话文学了[哭惹R]然后更焦虑了[石化R],negative,-2.0,561.0,14.0,34,1717425055000.0,情绪与内耗,情绪内耗型
不敢想象装修之前主包跑了多少趟才会有这么丝滑！！！果断关注了[害羞R][害羞R],neutral,0.0,0.0,135.0,40,1768019123000.0,,
我会在这个舒服地毯坐下发现玩了2小时手机,neutral,1.0,0.0,561.0,20,1768126902000.0,,
我准备住进去了哦,neutral,0.0,0.0,153.0,8,1768043812000.0,,
洁癖看的好爽谁懂……休息区就是干净区域……,neutral,0.0,9005.0,46.0,21,1768070676000.0,,
从风水角度来说，进门就是洗手间不太好[捂脸R],neutral,0.0,717.0,68.0,23,1768058024000.0,,
没有男人孩子所以家里很干净很舒服,positive,1.6,0.0,82.0,16,1768071854000.0,,
我将会趴在这里撅个大腚扣手机扣半个点儿[微笑R],neutral,0.0,0.0,126.0,24,1768220958000.0,,
挺好的，就是卧室离门这么近我会没安全感,neutral,1.3,0.0,48.0,19,1768141194000.0,,
我真的佩服一回家就洗澡的人，太有行动力了。我进门直奔沙发躺下，不搞到硬要睡了是不会再起身的，中间要啥东西一律喊老公拿，起不来一点[捂脸R],neutral,1.3,7662.0,75.0,69,1768020716000.0,拖延与行动障碍,
第一次想结婚了,neutral,0.0,207.0,48.0,7,1768011993000.0,,
,neutral,0.0,0.0,606.0,0,1770107704000.0,,
当你转身准备出门 碰巧看到我拎包入住[偷笑R],neutral,0.0,0.0,460.0,23,1770046182000.0,,
但凡有一项碰到了手机就都完了,neutral,0.0,0.0,79.0,14,1770113078000.0,,
我想问……全磁吸～会不会影响磁场,neutral,0.0,6401.0,124.0,16,1770119007000.0,,
主播主播，这个房子一共花了多少钱？,neutral,0.0,68.0,29.0,17,1770268749000.0,,
看到洗衣机那我觉得设计不行了，这样洗衣机很容易被水撒到，长期在潮湿环境很容易坏。而且洗衣机周围都是缝隙，冲凉房这么潮湿很容易滋养细菌。,negative,-1.9,1363.0,101.0,67,1770119997000.0,,
,neutral,0.0,5171.0,19.0,0,1770134027000.0,,
看了好想离婚，把大房子卖了，买一套这样的小房子一个人住啊[笑哭R],neutral,0.0,9.0,2.0,33,1770170326000.0,,
洗衣机在湿哒哒的淋浴房里？[石化R],neutral,0.0,8.0,4.0,18,1770523690000.0,,
绝对不止40平，因为我真的就住40平，看过房东房产证,neutral,0.0,226.0,27.0,26,1770112602000.0,,
一些被问到的具体的学习方法/case记录在主页！以后也会分享一些大学生活/读研的经验。谢谢大家一直对我的各种抽象言论的支持[合十R][呃R],positive,2.0,247.0,8.0,70,1747794381000.0,"效率与工具,教练方法与关系",教练学习者
其实有的时候完美主义+拖延症也可能是因为我们期待（设想）了一个非常完美的结果，我们发现要想达到这个结果需要非常的费劲，so不想开始、不想细想。但是其实这个“完美结果”不一定是真实的（可操作可实现的），他可能只是一种理想的想象。所以从开始开始吧，完成比完美更重要,positive,1.6,2075.0,18.0,130,1747782457000.0,拖延与行动障碍,拖延挣扎型
雷军的那句话对我很受用：先做成一坨💩，然后再优化,neutral,0.0,5998.0,58.0,24,1747826147000.0,,
"我去 本来看字太长都划走了 但心里头总觉得还是要看一看 一看真的说的太牛逼了[赞R][赞R]
“在这样极端的高压下，我一下子绝望地意识到，就像在等待牡鹿的哈利猛然回头发现我爹竟是我自己一样，我的未来里并没有一个'更好的自己'。我有且永远只有此刻的我。我所追寻的结局，不过是之前的每一刻的积分。”",positive,1.6,3736.0,50.0,147,1747761241000.0,,
博主，还是想问一下，其实您说的这些我也大致想到过这一层，但是 关于“立即去做”这件事，我觉得我还是没有很好的push自己的点，还是会存在很大的畏惧心理，恐惧“开始”的这个动作，因为怕犯错。（这里其实很多人会说，别怕，点做就行。 但不知道怎么讲，总觉得这里是迈不开脚的[哭惹R]）请问博主在这个点 是否有更好的动力提供源？可以帮助自己更快的“先做再说”[哭惹R],neutral,0.0,12.0,3.0,180,1747843547000.0,"情绪与内耗,拖延与行动障碍",
所以应该怎么做[哭惹R]本来以为能看到方法结果变成绚烂日出极昼了，体会不到啊[哭惹R][哭惹R][哭惹R]能说的具体点吗道理都懂主要是控制不住自己做不到啊,negative,-4.0,107.0,16.0,77,1747778585000.0,效率与工具,教练学习者
字好多，先点赞找个时间再完完整整看一遍[皱眉R],neutral,1.0,23.0,24.0,24,1748322757000.0,,
我解决完美主义的办法就是拖延，拖到不得不做了然后极限完成，不给自己死扣细节的时间和机会。就是容错率比较低…,neutral,0.0,76.0,9.0,53,1747886442000.0,拖延与行动障碍,拖延挣扎型
“完美主义+拖延”像是因为对未来一种不确定性的恐惧，有点像“颅内高潮”，时间都花在了想和怕上，脑子以为行动了，实际上身体上并未有任何动作。其本质上是在追求掌控感，还有一个认知误区就是你默认存在一条“完全正确且完美的路径”,neutral,-1.0,248.0,2.0,110,1748141429000.0,"拖延与行动障碍,情绪与内耗,目标与计划",拖延挣扎型
拖延可能就是在学习上缺乏掌控感导致的。我本人很喜欢玩植物大战僵尸的冒险关卡而不喜欢玩砸罐子这种随机关，就是因为我有一套通过多次实战经验总结的战术，不能说战无不胜攻无不克，但是至少80%的胜率，而砸罐子太随机了，我根本没机会摆我的战术，掌控感大大降低，所以很不喜欢玩。现在一想，学习不也是这样吗？,positive,1.9,20.0,6.0,147,1750607549000.0,"拖延与行动障碍,效率与工具",拖延挣扎型
我还记得有个日娱明星为了减肥用左手吃饭，结果后来左手拿筷如火纯青的故事……,neutral,0.0,414.0,4.0,37,1748933821000.0,,
来刷评论区了。,neutral,0.0,3032.0,41.0,7,1748869499000.0,,
起床我就用的1234567，起床！然后睡着了[石化R],neutral,0.0,1578.0,27.0,27,1748877624000.0,,
那个背单词的有木有链接[哭惹R]我找的几个都不太好,neutral,-1.0,3.0,2.0,25,1748910913000.0,,
有没有去掉中文版的呀[哇R],neutral,0.0,12.0,9.0,14,1748881114000.0,,
想问问大家我现在是已经休学了。但是我真的 一点自制力也没有  ，熬夜熬通宵又睡到第二天下午才醒，制订了一些计划，学习的，运动的，都懒得去做，怎么办啊 我清醒地意识到我根本没有任何自制力 怎么办啊 我特别焦虑 我。唉,negative,-1.6,1.0,7.0,107,1777135067000.0,"目标与计划,情绪与内耗",情绪内耗型
更多的戒掉手机的方法，在窝主页的最下面的那三个帖子 ，需要的小宝可以看看！,neutral,0.0,68.0,4.0,37,1748865492000.0,效率与工具,教练学习者
这个帖子分享了戒掉手机的方法第一倒数七秒 就去做 第二不要畏难 最困难的事在5秒内也可以粗糙完成,neutral,1.0,0.0,0.0,48,1781712633000.0,效率与工具,教练学习者
放不下了，因为刚高考完[皱眉R],neutral,0.0,30.0,0.0,16,1749488748000.0,,
"完美主义和拖延经常是一对：因为要求太高，所以不敢开始；不开始，就不会面对""还不够好""的那一刻。但其实，不完美的开始，比完美的等待更有价值。先做出来，再慢慢变好，这才是能走远的节奏。你已经意识到了，就是改变的开始。",positive,3.2,1.0,0.0,106,1776585108000.0,"拖延与行动障碍,自我接纳与成长","拖延挣扎型,积极成长型"
"《掌控习惯》里有一段话：“人们很容易低估每天进行微小改进的价值，也很容易高估某个决定性时刻的重要性。但只要你愿意坚持下去，起初看似微小和不起眼的变化，会随着岁月的积累，将复合成显著的结果。”

而弱化用词的拖延症消解法，也让人想到关于自我发展心理学《了不起的我》一书中提出的“小步子原理”。它不是一个让我们最终获得成功的策略，而是能有所行动的策略，也就是说小步子原理重点不在于结果，而是行动。不去设定太巨大的任务，只让自己专注眼下这一小步，就这样，大象才能迈开腿。

所以“如果你意志力较弱，微步骤有时就是你前进的唯一途径。学会爱上它们，你会看到不可思议的结果。”",positive,3.8,1669.0,39.0,282,1735479982000.0,"自律与习惯,拖延与行动障碍,目标与计划","拖延挣扎型,习惯崩盘型"
是呀 有时候想着就刷一会抖音 就能刷上两小时,neutral,0.0,2891.0,130.0,22,1735527108000.0,,
我每天都是随便活两下，不死就行了,neutral,0.0,2433.0,56.0,16,1735485178000.0,自律与习惯,
那如果是我要写论文呢,neutral,0.0,9.0,11.0,10,1735694806000.0,,
把找不到自己的价值改成健康的活着就行,neutral,0.0,661.0,14.0,18,1735543114000.0,,
中度拖延的我，就是2016年看了《微习惯》才考在职研究生，每天百词斩，顺利过关，然后写论文也是[失望R]每天一点点，产假结束，每天晚上等娃睡了推进一点，基本完成大头[偷笑R]后面看得很多畅销书。都是这个原理。非常喜欢陈海贤老师的《了不起的我》！,neutral,1.3,81.0,11.0,122,1735486542000.0,"拖延与行动障碍,自律与习惯","拖延挣扎型,习惯崩盘型"
“我要练一小时口语”怎么改呢？,neutral,0.0,26.0,7.0,15,1735894311000.0,,
怎么哄自己早睡啊,neutral,0.0,12.0,10.0,8,1737734525000.0,,
刷到自己[石化R]嗯很开心分享被看见，新人博主有动力再去写两个字啦[派对R],positive,3.9000000000000004,110.0,7.0,38,1735575236000.0,自我接纳与成长,
我要上班要改成怎么想[捂脸R],neutral,0.0,1.0,8.0,15,1736046132000.0,,
懂了，从平躺变侧躺就行[doge],neutral,0.0,2747.0,53.0,17,1707788017000.0,,
努力不是加法么，谁给你说让你开方啊[扶墙R],neutral,0.0,118.0,6.0,22,1707800150000.0,,
每天学习0.01，学习0天，0.01⁰=1,neutral,0.0,1447.0,51.0,21,1707790803000.0,自律与习惯,
拖延症选择明天再看（不一定[捂脸R]），希望有人踢踢我,neutral,0.0,884.0,48.0,27,1707768706000.0,拖延与行动障碍,"拖延挣扎型,方向迷茫型"
我建议你每天练跳高，每天多跳1%。十年之后直接起飞。,neutral,0.0,629.0,9.0,26,1707776719000.0,自律与习惯,
才37.8？那我不干了[doge],neutral,0.0,9.0,4.0,17,1707821339000.0,,
点开看了一眼，然后发现字太多了，不想看了[偷笑R],neutral,0.0,149.0,8.0,25,1707805918000.0,,
第一张图不太理解，不应该是乘365吗，为什么是365次方[kissR],neutral,1.0,2.0,3.0,35,1707785521000.0,,
1-2-3法则戒掉拖延症,neutral,-1.0,8.0,5.0,12,1708093889000.0,拖延与行动障碍,拖延挣扎型
这才是真正的真理[偷笑R],neutral,0.0,36.0,4.0,13,1708626988000.0,,
强迫自己看完这篇,neutral,0.0,1877.0,29.0,8,1766032357000.0,,
我连想玩个游戏都要拖延，这还有救吗[笑哭R],negative,-2.0,291.0,21.0,22,1766067062000.0,拖延与行动障碍,拖延挣扎型
我拖延严重到能在要洗澡的时候光着身子在浴室里玩手机半个小时……[失望R][失望R][失望R],negative,-4.0,20.0,1.0,46,1766077323000.0,拖延与行动障碍,拖延挣扎型
我老是原谅自己咋办，每天都在原谅[微笑R],neutral,0.0,60.0,10.0,21,1767599824000.0,"自我接纳与成长,自律与习惯",
可是我脑子里预演一遍成功了之后我就会觉得真的会成功，更加不想动了[捂脸R],positive,2.6,12.0,1.0,37,1766086566000.0,,
1.前脑岛 不要逃避 直面恐惧,neutral,-1.0,459.0,13.0,15,1766016261000.0,情绪与内耗,
洗头会拖延 [捂脸R]没救了,neutral,-1.0,49.0,7.0,14,1766068757000.0,拖延与行动障碍,拖延挣扎型
我的拖延症严重到三周前买了新mac，拖到现在还没输入苹果账户[石化R],neutral,-1.0,51.0,16.0,35,1766170303000.0,拖延与行动障碍,拖延挣扎型
想到一个视频说adhd的人听到下周三交作业时会自动转化成现在不用交[笑哭R],neutral,-1.0,391.0,11.0,38,1767712342000.0,,
[哭惹R]我说视频挺有趣的，竟然删了我的评论。有一点点伤心,neutral,-1.0,7.0,11.0,29,1766031171000.0,,
我现在告诉自己：先做一个垃圾出来！这招还蛮有用，不给高期待，先做了，才有优化的可能。很多时候我一旦开始做了，后续一般会比我脑海里想象中的要容易很多，而且完成真的比完美要重要很多很多。,neutral,1.3,6922.0,122.0,91,1729699523000.0,拖延与行动障碍,
是的，不过还有一个原因是人们对未知的事情会无限扩大恐惧，没有开始做的时候可能会觉得难度巨大，导致不敢入手，我比较喜欢把解决一个问题的不同思路和方法可以看做不同工具，拥有越多工具，就越可能找到适合自己的，越了解一个工具，就越可能运用这项工具去解决问题，希望对你有所帮助。,positive,2.0,4727.0,46.0,134,1728746165000.0,"情绪与内耗,拖延与行动障碍,效率与工具",教练学习者
感觉有这个问题的人都是19、20岁的时候意识到原因，因为我也是，等于是进入大学的节点吧。完美主义总是那么几面：自卑心理+自大表现+在意他人评价对否定拒绝很敏感+不习惯把想干的事做计划做排序+相信每件事都要有'意义'有'原则'+常把产出（比如功课）和自我价值绑定并且不想受挫折所以宁可自我摧毁（拖延、钻牛角尖、罢交）。你还会讨厌小组作业，讨厌要交流不同观点的tutorial，讨厌大学暴露出努力并不一定有回报不努力不一定没回报。我从大一到大三就这个问题不断地斗争，心路方式和po主一模一样，在经历了挂科绩点跌底学籍警告后我只能说人还是要认命，到了最后只委屈了自己，我都不认得曾经对生活有热情有动力的我了,negative,-2.6,1227.0,42.0,300,1729879706000.0,"自律与习惯,目标与计划,拖延与行动障碍","拖延挣扎型,习惯崩盘型,方向迷茫型"
我也是这样，还有个原因就是分不清主次，加上完美主义，就会在很多没必要的事情上花费太多的精力，导致后面没有时间和精力做重要的事情,neutral,0.0,1567.0,19.0,63,1729303713000.0,,
我很同意“把作业当作阶段性任务的人来说，他们的目标只是把作业做完。在学习过程中，作业完成带来的开心又给他们动力继续学习下去，循环往复。”这几句话。因为我现在才发现小学的时候没有什么我在成绩上一定要干嘛干嘛的概念，只是每一次上课我都认真听，每一次作业我都自己写，因为怕上课回答不出来，再写不出来我就很犟，一直死磕，有时候也能磕出来。但是成绩一直不错，后来上了初中有了要好好学的概念给自己制定很多计划，达不到了反而一直很焦虑。一个目标达不到就会一直心里难过，一个做不到就导致后面都无法按原计划推进，成绩一直下滑，心理也出了问题。,positive,7.6,632.0,16.0,262,1729731326000.0,"目标与计划,情绪与内耗","方向迷茫型,情绪内耗型"
好有道理，不过我连洗澡这些小事都有拖延症，是为什么呢[笑哭R],neutral,-1.3,67.0,14.0,31,1730167914000.0,拖延与行动障碍,拖延挣扎型
不同意。拖延症是因为没有自驱力，不够想做就会一直拖着。足够有自驱力一秒都等不了。,neutral,-1.0,29.0,4.0,40,1729787314000.0,拖延与行动障碍,拖延挣扎型
完成比完美庚更重要[黄金薯R],neutral,1.0,38.0,2.0,15,1728622220000.0,,
看完了确定我的拖延就是懒……,negative,-2.0,118.0,9.0,14,1730742430000.0,拖延与行动障碍,拖延挣扎型
那我洗澡也拖到很晚去是为什么，也不需要多完美啊,neutral,0.0,19.0,10.0,23,1729909650000.0,拖延与行动障碍,拖延挣扎型
还有重要的一点，就是学会匹配与自己能力相当的难度，太简单的难度会让我们感到无聊厌倦且沉迷于自己的舒适区，太困难的难度会让我们产生挫败和焦虑，打击我们的信心。但当处于中等或者叫最近发展区的难度是最适合我们的难度，学过教资的应该知道最近发展区或作家周岭命名的叫拉伸区，也叫舒适区边缘。如何判定呢？就是那些自己觉得稍微有点难但是通过努力也可以做到即“跳一跳也够得着”的，就是我们的舒适区边缘，当我们不断在这个难度学，随着时间的投入，会不断扩大，就开始可以触碰到以前够不到做不到的困难区，在这个难度学就会源源不断的进步。游走在“舒适区边缘”可以有效避免简单重复努力的乏味，还可以激发真正成长进步带来的成就感。,positive,4.800000000000001,619.0,11.0,300,1765243493000.0,"情绪与内耗,拖延与行动障碍,自我接纳与成长","情绪内耗型,积极成长型"
不要靠动力！！！要靠微习惯。。。。。。,positive,2.0,218.0,5.0,19,1765622700000.0,自律与习惯,习惯崩盘型
你看了《认知觉醒》,neutral,1.0,75.0,20.0,9,1765555983000.0,自我接纳与成长,积极成长型
完了ADHD根本看不完[捂脸R],neutral,0.0,47.0,7.0,16,1765972694000.0,,
我是两个问题：1开始学这个动作特别难2.是专注时间很短，半小时之后就特别想玩手机 玩了就停不下来,neutral,0.0,178.0,16.0,48,1765439089000.0,拖延与行动障碍,
我觉得有个很好用的方法就是不要觉得自己多累多可怜。这个真的非常好用，想做啥事的时候，就把它想成一个跟刷牙一样的习惯。就比如你工作一天晚上刷牙的时候不会觉得自己很可怜，那么在晚上固定时间刷题或者中午打饭背单词的时候就跟刷牙一样，只是要干的事，并不是逼迫自己完成了什么。这点非常重要，而且可持续性也很强，想成刷牙的话，你也不大会因为一天计划乱了没干成某件事而崩溃不干，因为实在有事所以一天不能刷牙，听起来很正常，但不能一直不刷对吧。就是这个道理。我觉得还是挺好用的哈哈哈哈。,positive,7.3999999999999995,491.0,5.0,235,1765541601000.0,"效率与工具,自律与习惯,目标与计划,情绪与内耗","习惯崩盘型,情绪内耗型,教练学习者"
写的太多，完全看不进去[笑哭R],neutral,-1.3,6.0,3.0,16,1765363112000.0,,
我想问下就是如果很难专注就脑子总会想其他东西怎么办,neutral,0.0,0.0,4.0,25,1765517042000.0,,
姐姐你好，我觉得你说的特别特别好但是我又不想付出实际行动[完啦R]拖延超级无敌严重，我走读每天放学回家就是玩手机，玩到凌晨2点第二天6点又爬起来去上学，精力严重不足。我理科很差很差，上个学期成绩稳定在全年级前50，最高全校第7。成绩一直在稳定后退，这个学期完全不认真懒癌也越来越重，上课频繁走神睡觉，第一次月考下来退了80多名，在尖子班已经快垫底了[完啦R][完啦R]之前理科差但是我语英在班上是第一其它科也在1、2名。因为上课走神拖延严重不记单词不写作业退了很多很多，数理化也不及格了。初三明年就中考了特别特别恐慌，下周一多校联考我却还在焦虑的玩手机，刷到您的帖子认真看完了却又不想行动[完啦R],negative,-9.3,29.0,12.0,299,1765460959000.0,"拖延与行动障碍,自律与习惯,情绪与内耗","拖延挣扎型,情绪内耗型"
没有动力……真的很难保持对学习的一直动力和兴趣,positive,2.6,10.0,5.0,23,1765435102000.0,,
拖延症的最佳办法就是想到什么就马上去做,neutral,-1.0,1479.0,43.0,19,1773062202000.0,拖延与行动障碍,拖延挣扎型
荣幸荣幸[捂嘴笑R]很高兴帮到您！,neutral,0.0,1332.0,31.0,17,1773019029000.0,,
那个博主是哪一条讲述的锻炼前额叶呀,neutral,0.0,21.0,5.0,17,1772954236000.0,,
我治好拖延症的方法非常简单，就是提高蛋白质的摄入。我现在每天起码要吃80g的蛋白质，然后吃了蛋白质之后，感觉人的精力会不知不觉长很多，以前可能拖一两个星期都不会打扫的房间，我现在几乎每天都可以顺便处理一下。然后碗筷也是，平时我要两三天洗一次，但我现在几乎可以天天洗一次。,neutral,-1.0,323.0,18.0,135,1773001347000.0,"拖延与行动障碍,效率与工具,自律与习惯","拖延挣扎型,教练学习者"
这不是adhd吗。。。想到啥干啥,neutral,0.0,35.0,14.0,16,1773049920000.0,,
看完这个视频我决定下床去上个厕所[捂脸R],neutral,0.0,16.0,3.0,21,1773066622000.0,,
做小事带来的好处：1.减小内耗；2.提升掌控感；3.增强执行力；4.转变自己的态度；,neutral,-1.0,56.0,1.0,42,1772979925000.0,"情绪与内耗,拖延与行动障碍",情绪内耗型
能跑半马的人居然还有拖延症[笑哭R][笑哭R]我一直觉得能坚持跑步的人做什么都能成功的～,neutral,-1.0,246.0,7.0,44,1773061627000.0,"拖延与行动障碍,自律与习惯",拖延挣扎型
@问一问 总结具体内容,neutral,0.0,0.0,1.0,11,1773457154000.0,效率与工具,
这不是说保护前额叶要减少它的决策的次数吗？那为什么增加决策次数又能锻炼前额叶呢？,neutral,0.0,186.0,5.0,40,1772989051000.0,,
去做具体的事情，想办法让开始变得简单[飞吻R],neutral,1.0,741.0,9.0,23,1768799946000.0,拖延与行动障碍,
一定要争口气 记住那些所有不尊重你的人 赌的都是你没有前途,neutral,0.0,1253.0,10.0,29,1769174032000.0,,
偶然刷到了，扭头看一眼，这句话好配我的卧室[呃R],neutral,0.0,408.0,19.0,25,1769172597000.0,,
好像是我个人的问题。但身边也遇到过类似的人：尤其是高中过度努力或者本科硕博期间很努力的学生，毕业后不久或者在毕业前就已经燃尽了，再也对生活和梦想提不起劲，虽然基于自身的积累有一定的底线保障，但是很难再像以前那样执着于完成某项任务通过某个考试或者达到更高的高度（例如升职加薪等功利目标）。激情和专注度已经用完了就很难再重启回到当初那样努力的状态了。,positive,3.2,39.0,7.0,173,1769422781000.0,目标与计划,方向迷茫型
评论区大佬们：如果食堂的饭不能吃，还限制你出去，你该怎么解决吃饭问题,neutral,0.0,35.0,9.0,34,1769084724000.0,,
从来没有人带着爱和善良称呼过我,neutral,1.0,57.0,6.0,15,1769073864000.0,,
这句话，将是2026年的奋斗目标了吧，等年底再给评论区的大家汇报,neutral,0.0,40.0,5.0,32,1769089580000.0,目标与计划,
和显化很像，科学地来说是给自己积极的心理暗示，然后做事也更积极，神学的说法是宇宙听到了祈祷，然后还愿，我行我行我行行行[偷笑R],positive,2.6,23.0,4.0,64,1769178321000.0,,
我现在只想人头落地,neutral,0.0,89.0,3.0,9,1769004449000.0,,
您得出人头地啊，小姐！——2026的目标。定期回来汇报吧！ww酱！！今年的目标：把攒的钱学着投资，健康，事业更精进  性格更坚定 狗狗牙齿健康！主要是学着变现！！年工资确实不低，可是我真的很爱钱啊！！！！,positive,6.4,7.0,2.0,102,1769360120000.0,"目标与计划,价值与价格",方向迷茫型
我们的app已经开始内测啦～开发组目前已经出了这两个方法的0.25版本app（安卓+苹果），实现了专注链和国策树的大部分功能，还可以在国策市场上收藏其他人的国策，希望让更多人试用一下，看看大家的反馈如何~,positive,2.0,84.0,86.0,102,1770418618000.0,"效率与工具,拖延与行动障碍,教练方法与关系",教练学习者
在知乎评论完听说小红书这边也发了所以追过来评论一下，用这方法已经早睡两周了，也每天认真工作6~7小时两周了[笑哭R]我是用在本子上画正字的方法计数的，每一天换一个颜色的笔。我发现早睡对我来说就是关键的节点，自从早睡以后，很多我之前觉得没精力做的家务都顺手做掉了，洗澡也不拖延了，可以说是初具人形了！,negative,-2.0,418.0,23.0,149,1756351384000.0,"效率与工具,自律与习惯,拖延与行动障碍","拖延挣扎型,教练学习者"
@DeepSeek   帮我总结文章重点后台私信发我,neutral,0.0,0.0,2.0,26,1754594070000.0,效率与工具,
小红书读长文好麻烦啊，请问有公众号吗,neutral,1.3,0.0,4.0,18,1774717866000.0,,
"老师，很想看下去，但看一半老走神[捂脸R]
接下来一个月我讲辞职在家研究这套理论",neutral,0.0,15.0,8.0,40,1778696981000.0,,
哥们开个讲解吧，有些看不懂,neutral,0.0,1.0,2.0,13,1754586371000.0,,
不行了，纯文专业没学高数强迫自己看一半就看不下去了[捂脸R],neutral,1.0,14.0,2.0,30,1765068455000.0,,
卧槽好牛逼…我这个月就开始实践验证,neutral,1.3,0.0,4.0,17,1754388359000.0,拖延与行动障碍,
[笑哭R]其实很多人不解决底层问题，是绝对解决不了自律的问题。1⃣️：睡眠不足，吃太多糖晕碳，什么自律方法都不顶用，记好了！因为你不但精神不行，连情绪都在低落！2⃣️：上瘾游戏。这个没有办法，所以小说游戏这种东西不要上瘾，上瘾了，你爹拿棍子敲你，你都要玩。3⃣️：不专心碎片化。从早到晚都在看短视频在看直播，就算早睡早起，就算没有上瘾游戏，整个大脑都昏的心浮躁的。4⃣️：没有幻想和恐惧。医生告诉你，你脂肪肝了，你还敢乱吃吗？？告诉你尿酸高结石了，你还敢喝饮料？这就叫恐惧。渴望，学生时代后排的班花问我数学题，我中午不睡觉都要给她解出来！减肥然后呢？认真学习技能然后呢？你一定要给自己梦啊！,neutral,-1.3,53.0,6.0,295,1766059154000.0,"自律与习惯,效率与工具,情绪与内耗",教练学习者
好干的干货，嚼得我好累，留个楼我翻译翻译自己设计看看，试完再来反馈,positive,1.6,5.0,2.0,33,1754536710000.0,教练方法与关系,
“计划教练”/“  plancoach    回归啦[派对R]，教练在苹果商店等你[拔草R],neutral,0.0,23.0,0.0,46,1753891379000.0,"目标与计划,教练方法与关系",教练学习者
安卓同事正在搞了薯宝们，你们心中的火他感受到了🔥🔥,neutral,0.0,940.0,218.0,25,1753624685000.0,,
安卓版什么时候上[暗中观察R],neutral,0.0,387.0,64.0,15,1753624002000.0,,
Deep seek其实也有平替哦[偷笑R],neutral,0.0,50.0,53.0,21,1753670938000.0,,
我连这个app都懒得搜懒得下[石化R],neutral,0.0,977.0,31.0,19,1753657058000.0,效率与工具,
薯宝们，视频里演示的语音是新版本的，昨天提交审核，估计周一周二就会上线。另外就是新版拆解速度也优化了很多。所以如果听到ai女声不要惊讶，敬请期待苹果商店更新哈[飞吻R][飞吻R],neutral,0.0,195.0,17.0,89,1753639697000.0,目标与计划,
心死了,neutral,0.0,70.0,17.0,3,1753636430000.0,,
"国区 App Store 因备案流程中，暂时还不可用~ ([哭惹R])
备案正在全力推进中（已进入审核流程一个星期了），预计本周末或下周初就能审核完成。
好消息是：其他地区 App Store 一切正常可用，包括视频演示的这个最新版本1.0.0已上线。
开发也马不停蹄进行中，没停歇。
辛苦大家再等等我们，很快就能和大家在国区见面了！[完啦R]",neutral,0.0,18.0,2.0,172,1753716719000.0,"效率与工具,拖延与行动障碍",拖延挣扎型
已下载[棒R],neutral,1.0,5.0,7.0,7,1753642012000.0,,
要iOS 17.0[石化R]下不了啊,neutral,0.0,1.0,6.0,18,1753644148000.0,,
关于我为什么会拖延这个问题我也思考了很久很久，我发现我拖延可能有以下几个方面的原因，如果有相似情况的朋友也可以参考一下。第一个原因就是我感觉自己丧失了动力，斗志或者说欲望。  第二个原因就是我的注意力非常难以集中，我可能有注意力缺失症。   第三个原因就是我有手机成瘾。 第四个原因就是我的生活习惯和整个人的做事习惯非常不好，就我有一种习惯性拖延。 第五个原因就是焦虑问题。我虽然行动上很拖延，但是我心里想的很多会后悔过去，担忧未来，这种焦虑让我的行动变形。还有最后一个原因，可能就是我对读博和我现在所研究的专业兴趣不是那么的浓烈，也就是说成就感很少，没有办法形成正向的循环。,negative,-3.8,1179.0,102.0,288,1718001217000.0,"拖延与行动障碍,自律与习惯,情绪与内耗","拖延挣扎型,习惯崩盘型,情绪内耗型"
我前几天才刚看过一个关于拖延的视频我觉得很有道理。就是因为你构建了一个理想化的自己，你不停的把理想中的自己和真实的自己做对比，你觉得你越意识到你和理想中的自己有差距，越意识到自己不足你就能越上进，就能越努力，你觉得不对自己高要求你就白白错过了很多机会…但实际上你对自己要求越高你开始学习的过程就会越痛苦，你每走一步，你都根本不会高兴，你只会觉得怎么还有99步都还没走完啊。你只会不停的看到你和理想状态的差距，你只会越来越焦虑，结果就是根本没有办法开始了。都没办法开始了，整再多干货看多少视频定多少计划都没有用的,negative,-2.0,4080.0,69.0,255,1717983935000.0,"拖延与行动障碍,情绪与内耗,目标与计划","拖延挣扎型,情绪内耗型"
最近在看《拖延心理学》这本书，里面写拖延实际上就是一种恐惧。如果一件事情自己全力以赴去完成结果却没有达到自己的预期，或者说社会上的标准，那自己内心就会把自己彻底的否定。实际上是把自己的能力等同于自己的价值的表现，拖延给我们一种借口，好像如果这件事没有完成的很好，只不过是因为自己最后时间太紧张没有认真完成，自己在自己的臆想中是成功的。（打下这段字的我在半夜狂写拖了五天的开题报告[哭惹R]）但是真的很推荐《拖延心理学》这本书，感觉写的很清楚,negative,-2.5,1215.0,65.0,220,1718044793000.0,"拖延与行动障碍,情绪与内耗",拖延挣扎型
如果拖延有点病态的话可以检查下是否有疾病……我就是YY焦虑然后超级超级拖延不管工作还是玩乐的事都拖延到最后，非常病态地拖和启动困难,negative,-7.6,664.0,30.0,65,1717951366000.0,"拖延与行动障碍,情绪与内耗","拖延挣扎型,情绪内耗型"
那你到底在拖什么，畏难吗，完美主义想准备好再动手吗，还是说不敢承担某些失败不好的后果吗？而且一直不做实际的事情，一边焦虑一边看各种如何摆脱拖延的文字和书籍本质上也是一种暂时逃避做事的借口。只有你去做了，哪怕一丢丢都是进步。而不是看这哲学看那心理学以及各种摆脱拖延的帖子在那浪费本该做事的时间。你的帖子发了那么多，除了暂时让你觉得心理舒缓了一会，实际上你想听别人意见或者等待更好的方案什么的 也是一种逃避不做实事的表现。意思就是，去做，别废话，别矫情，别自我安慰，别指望别人同情。未来在你手里，不在我们嘴里。致你也致我自己[抱拳R],negative,-3.9000000000000004,521.0,22.0,265,1717985021000.0,"拖延与行动障碍,情绪与内耗,自我接纳与成长","拖延挣扎型,情绪内耗型,积极成长型"
"UU 你是不是完美主义者，拖延时时候脑袋没闲着，可能还有很多很棒的创意，但就是没法开始。感觉自己面对一个宏伟的计划，不知如何开始。如果是这样，我最近用shitty first draft这一招有效。就是动笔时候就告诉自己“我要创作出一坨💩”，然后内心毫无负担就开始了。",neutral,0.0,232.0,17.0,135,1717989090000.0,"拖延与行动障碍,目标与计划",拖延挣扎型
难以置信了，我真的想知道你都读博了为啥还会这样啊！！！没有恶意，只是想知道你拖延症这么严重是怎么学习的啊！！！每次大考前都突击学习靠聪明的大脑吗[笑哭R],negative,-2.6,55.0,18.0,77,1718093691000.0,拖延与行动障碍,拖延挣扎型
其实是你内心根本不想做，但是你的理智告诉你要去做。之所以拖延其实是你的内心和你的理性产生了冲突，你应该好好想想你内心想要什么生活,neutral,-1.0,186.0,6.0,64,1718002330000.0,拖延与行动障碍,拖延挣扎型
我上次看到一个治疗拖延的办法，我觉得对我很有用，就是一想起某件应该做的事，就告诉自己：现在马上就做五分钟，五分钟后就休息玩一会。然后你就会发现只要开了个头，你的拖延症就会被解决,neutral,-1.3,73.0,7.0,88,1717987092000.0,拖延与行动障碍,拖延挣扎型
说说自身与拖延症抗争的经验，真正有效的是强迫自己重拾危机感和成功的欲望。危机感是想清楚很多事儿现在不做以后要花费更大的时间精力成本去做，成功欲望是对我唯一有效的让自己放下手机拒绝娱乐心无旁骛肝工作的原始动力，其他对俺都作用很有限[笑哭R],positive,3.9000000000000004,13.0,2.0,119,1718135916000.0,"拖延与行动障碍,自我接纳与成长",拖延挣扎型
[哭惹R]天啊好有启发 不是问题变小 而是自我变大去容纳问题 哪怕它一直存在,neutral,1.3,2398.0,33.0,38,1775150545000.0,,
被拒绝那张创S人了[微笑R],neutral,0.0,136.0,30.0,14,1775266146000.0,,
完美主义没看懂,neutral,0.0,33.0,26.0,7,1775175875000.0,,
所以重要的不是跳出舒适圈，而是扩展舒适圈吗[微笑R],neutral,0.0,279.0,10.0,26,1775182258000.0,,
"这张图太戳人了！完美主义者的一生，就是永远盯着那一点空白，却对满屏的成就视而不见。我们总在追求“不出错、全做好”，却忘了人生本就没有满分答卷。真正的强大，从来不是追求完美，而是接纳不完美：接纳计划有变，接纳结果有瑕，接纳自己不是超人。愿我们都能放下对完美的执念，与自己和解，在不完美的人生里，活出最舒展的状态。
深",positive,5.2,72.0,2.0,157,1775258189000.0,"自我接纳与成长,目标与计划",
谁可以帮我解释一下这个呀[皱眉R],neutral,0.0,6.0,11.0,17,1776309607000.0,,
依赖非常对,neutral,0.0,4.0,8.0,5,1775151092000.0,,
p7的颜色让我有点不太舒服，可能还是对蓝男女红有刻板印象,neutral,1.0,5.0,2.0,28,1775194962000.0,,
P1，演我我闭眼到现在4点半还没有睡着[哭惹R],neutral,-1.0,12.0,11.0,24,1775161759000.0,,
嫉妒那页没看懂欸[皱眉R],neutral,0.0,8.0,5.0,13,1775146954000.0,,
有人能@一下原贴嘛想看原贴[害羞R][害羞R],neutral,0.0,36.0,22.0,23,1731480058000.0,,
完美主义真的巨容易拖延 总是想着:要有最好的状态再去做一件导致一拖再拖 后来靠只要想起来就去做逼自己,neutral,-1.3,3179.0,68.0,50,1731433268000.0,拖延与行动障碍,拖延挣扎型
我连洗澡都拖……一直玩手机玩到凌晨两三点才强迫自己去洗澡了,neutral,0.0,289.0,15.0,29,1731610298000.0,拖延与行动障碍,拖延挣扎型
我觉得拖延症没有解决的方法 唯一的方法就是硬逼自己 然后让自己享受那种提前做完的轻松感,neutral,-1.0,174.0,5.0,43,1731435807000.0,"拖延与行动障碍,效率与工具","拖延挣扎型,教练学习者"
第二个真的有点儿道理，我真的焦虑症了[惊恐R],negative,-1.6,1470.0,57.0,23,1731424619000.0,情绪与内耗,
虽然但是 ADHD是天生的不是后天获得的,neutral,0.0,54.0,15.0,20,1731425402000.0,,
上面提到的“压力成瘾”，以前看《运动改造大脑》的时确实记得大概有这么一段。,neutral,-1.0,11.0,3.0,37,1731580040000.0,情绪与内耗,情绪内耗型
拖延症真的很痛苦，而且是一个恶性循环，本来一开始只是做作业拖，后面会发展到上厕所都拖，做什么都缺乏动力[捂脸R],neutral,0.0,162.0,3.0,56,1731665674000.0,拖延与行动障碍,拖延挣扎型
每天23:58赶忙做多邻国并且经常成功打卡的我本人[失望R],neutral,1.0,291.0,29.0,30,1731432209000.0,自律与习惯,习惯崩盘型
那怎么办？？,neutral,0.0,1.0,2.0,6,1732550219000.0,,
最近看到的一句很能激励人的话语：“想”全是问题，“做”全是答案，分享给大家[派对R],neutral,0.0,133.0,3.0,42,1721718814000.0,,
我不认同“草率地开始，再慢慢改。”许多事情，只要做了，就要算数。比如你写的东西，开始潦草，事后可能自己都认不出来写什么。再比如考试，有人想着后面还要回头检查，于是第一遍就草草了事，可是他再也没有时间回头检查了。所以一开始就要认真，下笔算数，第一遍就要做到最好。,neutral,1.0,2.0,4.0,130,1724639731000.0,拖延与行动障碍,
我从小就特别虎，干啥都莽撞的就干，所以真的没有拖延症，啥玩意都想赶紧整，虽然因为整的稀烂总改改改，但真的酷酷就干完了[笑哭R][笑哭R][笑哭R][笑哭R],negative,-9.5,135.0,6.0,78,1720747448000.0,拖延与行动障碍,拖延挣扎型
如果是多巴胺调节带来的拖延呢[石化R] 脑子的化学物质失衡了，认知层面的策略还有效吗[笑哭R][笑哭R][笑哭R]感觉自己的脑子已经坏掉了,negative,-3.0,7.0,4.0,69,1720678286000.0,拖延与行动障碍,拖延挣扎型
完美主义者太痛苦了，我做个事之前还要等自己的最佳状态[笑哭R]如果觉得精神不好或者情绪不好就干脆不做了，感觉状态不错才开始,neutral,-1.3,103.0,3.0,61,1720748449000.0,拖延与行动障碍,
真的很惨国人 就算我早早知道 完美主义者是个毒瘤思想 但现在我仍旧在很艰难地活着，如果小时候就能在简单的时候知道这些该多好。哎身体都搞坏了。有时候身体一旦搞坏了，那种感觉比谁说的话都要重要。,positive,3.8,17.0,2.0,95,1720970815000.0,,
博主您好，想请问下您的配图是用什么工具画的哈，都很好看。,neutral,0.0,1.0,3.0,28,1721748703000.0,效率与工具,
说得好清晰，让我想到我高中同学对我说过的一句话：想到就去做！不要给自己犹豫的时间！,neutral,1.0,1.0,1.0,41,1723686428000.0,,
可以分享这个原图给我吗，我很需要[赞R],neutral,1.3,0.0,4.0,20,1720757398000.0,,
这个是一期ted演讲的内容吧。博主还是注明出处比较好,neutral,1.3,1.0,2.0,26,1720701206000.0,,
其实不是真正喜欢的事，不然怎么会拖延呢,neutral,0.0,189.0,21.0,19,1760940925000.0,拖延与行动障碍,拖延挣扎型
话说intj也会拖延嘛  [笑哭R]我以为只有p人才会拖延比如我[笑哭R][笑哭R][笑哭R],negative,-6.0,25.0,8.0,47,1769516493000.0,拖延与行动障碍,拖延挣扎型
紫老头也会拖延吗,neutral,-1.0,17.0,5.0,8,1760171810000.0,拖延与行动障碍,拖延挣扎型
其实有喜欢的爱好和习惯真的挺不容易的，只要发现自己有兴趣就及时去做，与其每天刷短视频浪费时间，还不如学点特长，之前刷到那些中国画好漂亮然后自己也想画就跟着抖音在学中国画，虽然才学了半个月，但是我也觉得自己小有进步[害羞R][害羞R]，羊给你分享一下[偷笑R],positive,6.4,164.0,3.0,129,1759849491000.0,"自律与习惯,自我接纳与成长","习惯崩盘型,积极成长型"
就像把美味的蛋糕放过期、喜欢的零食还没来得及吃被送人...我不行了 想不通为什么要自己痛自己呢 刚看了一篇文章讲的是五分钟启动法 我觉得可以一试[kissR],neutral,0.0,350.0,8.0,79,1759971398000.0,拖延与行动障碍,
那不会，我看手机从不拖延,neutral,-1.0,80.0,9.0,12,1763904003000.0,拖延与行动障碍,拖延挣扎型
怎么把我的日常说出来了[笑哭R]很拖延症,negative,-2.6,275.0,5.0,20,1759901995000.0,"自律与习惯,拖延与行动障碍",拖延挣扎型
我以前试过三秒火箭启动法，感觉很有用，怎么说呢，想做什么就做啊！,neutral,1.3,4.0,2.0,32,1771502877000.0,拖延与行动障碍,
"以前存的评论[吧唧R]分享之：“因为没有动力，所以不做”“等有动力了再做”这种念头简直害死人，动力完全交由情绪控制，可情绪本身就不稳定，好的时候框框就是干行动力猛猛，不好的时候躺在床上连动一下手指都不想，指望由一个不稳定的东西带来稳定的行动，本身就是悖论。
从简单的地方做起，从微行动做起，通过行动慢慢提升自己对于事情的掌控感，动力就慢慢有了。
完美主义害死人，正确的应该是“要么不做，要么做了就从简单做起”
真的，对人影响特别大，很容易一不小心就滑到底爬不起来，老是会觉得自己做得不够好就没意义，但实际并非如此",positive,30.0,123.0,4.0,256,1760180240000.0,拖延与行动障碍,方向迷茫型
好喜欢这个标题，能借用嘛！,positive,2.6,0.0,2.0,13,1760897517000.0,,
你猜infj为啥是infj,neutral,0.0,94.0,4.0,13,1738756597000.0,,
我不知道为什么，看到别人需要帮助的时候，只要自己还能帮就总有一种莫名被胁迫的感觉认为必须去帮对方，但是我的处境其实也好不到哪里去,neutral,1.0,1057.0,31.0,64,1737735380000.0,,
可是如果我克服了这些，我还是我吗,neutral,0.0,38.0,6.0,16,1737790754000.0,,
妈呀完美主义和拖延，真是我现在遇到的最大的两个问题...[失望R][失望R][失望R],negative,-4.0,70.0,2.0,43,1738349200000.0,拖延与行动障碍,拖延挣扎型
这张图存在相册里，时不时看看[笑哭R],neutral,-1.0,37.0,4.0,19,1738407767000.0,,
想读读这种自我提升，改变思维的书或者视频，但一直找不到[哭惹R],neutral,0.0,2.0,2.0,32,1738553776000.0,自我接纳与成长,积极成长型
我的2太严重了，严重到影响到我每天的情绪怎么办。无论发生什么事情，我下意识就是和别人比。我很追求那种绝对的公平，比如同事和我拿一样的工资，但这个活领导却不叫他干都让我干，我就会心理很不平衡。只要别人和我情况水平差不多，但却得到了我没得到的我就心理失衡，觉得不公平。凭什么别人能得到更多[笑哭R],negative,-1.9,155.0,8.0,147,1737781121000.0,自律与习惯,
我是isfj 我的完美主义和拖延症也超级无敌严重[石化R][石化R][失望R],negative,-2.6,0.0,1.0,39,1742355655000.0,拖延与行动障碍,拖延挣扎型
太多了记不住，简单来讲就是坚决不帮比人就行了。该吃吃，该喝喝啥事别往心里搁！[哇R],neutral,1.0,10.0,3.0,42,1738228308000.0,,
拖延➕完美主义！真的是我本人,neutral,-1.3,2.0,1.0,14,1737778360000.0,拖延与行动障碍,拖延挣扎型
害怕失败，觉得自己承担不了后果，太过于幻想自己的不完美瞬间，完美主义重度患者，不接受自己的无能，深信自己如果没做好的话会被千夫所指，觉得日子过不下去，太过于要脸，超级玻璃心，在乎其他人的看法，某种意义上把自己放在世界的中心，自我自傲自卑敏感，交际圈单一，不太接受和自己的性格不同的人，与其相信自己会做到更相信自己做不到，因为失败是一条相对容易的道路，所以不停的拖延让所有事所有命运都向失败靠拢，想的太多觉得自己是一个远见家，其实是短视者，稍微坚持一下就想马上得到结果，稍微做一点就想马上得到反馈，如果得不到反馈就武断的视为失败，立马泄气拖延回到舒适区，原生家庭大概率表现不出托底和帮扶，习得性无助。,negative,-13.200000000000001,4949.0,169.0,299,1764426094000.0,"情绪与内耗,拖延与行动障碍,自律与习惯,教练方法与关系",拖延挣扎型
很难很难改 我连尿都要憋到不急了再次急了才会去上 别说做正事了[完啦R],neutral,0.0,985.0,38.0,36,1764505575000.0,,
这不是你的问题。因为你不喜欢你在做的事情，你的身体在反抗，在提醒你。在声嘶力竭告诉你，快找到你真正喜欢的事情去做！！！！找到让自己快乐的事情去做！！！！！！！让自己爽起来才行！去吧，你的生命力比一般人要旺盛，要独立，要坚强很多。拖延就是你的生命力在抵抗不喜欢的事情，拖延就是你的生命力！去取悦自己，让自己爽，发现自己喜欢的东西。,positive,3.0,132.0,16.0,164,1764596088000.0,拖延与行动障碍,拖延挣扎型
在这个评论区里简直像回到家希望让人安心。我之前也是寻找各种能治拖延症的办法，大部分都是说先从小事专注五分钟然后给自己正反馈，事实是我根本没有办法开始去做一件事，更别说要专注五分钟了。我太容易放纵自己了，每次心里想着要不休息一下然后就会让自己休息很久，但是想着要不学习一下吧，那我一定会玩得更厉害。我还给自己想过一个好办法，就是每干一件事都记录下来需要多长时间，比如洗碗洗内裤这种小事，下一次就在心里激励自己，“这件事情不需要很长时间，赶紧去做吧！”，然而也是一天都没能坚持。。。,positive,4.4,268.0,9.0,239,1764560377000.0,"拖延与行动障碍,教练方法与关系,效率与工具,自律与习惯",拖延挣扎型
很难改，脑子知道该怎么做，但身体动不起来，像被胶水粘在那里动不了一样，动一下就没电了，精力不足了，而且我觉得这个现象很多原因造成，比如身体气血不足，还有心理的焦虑啊抑郁啊之类的，综合造成的[捂脸R]但是如果逼迫自己行动就会感到更不舒服，可能状况更严重[失望R]没招了，车到山前必有路，走投无路再说吧[笑哭R],negative,-2.0,360.0,6.0,154,1764504867000.0,"情绪与内耗,拖延与行动障碍",情绪内耗型
我就这样，逃避到前段时间彻底崩溃，后来反思了，和热评说的一样，完美主义导致拖延再导致逃避，习得性无助。思考过后得出结论就是别想着克服，什么都脚踏实地一步步来，从小事慢慢改，心态积极点，哪怕今天正常洗漱吃饭了也夸夸自己，逃避拖延一次性是改不过来的，甚至以后遇见挫折还可能再回去[扯脸H]如果有要做的事就从很小的地方做起，例如学习就先从打开书做起，每天学一点，然后学习时间一点点往上加。总之心态还蛮重要，少苛责自己一点毕竟好好活着已经很累了（叠甲:本人重度拖延仅个人经验别和我杠杠就是你对）,negative,-4.0,529.0,17.0,243,1764478356000.0,"情绪与内耗,效率与工具,拖延与行动障碍,自律与习惯","拖延挣扎型,情绪内耗型"
本重度拖延症患者打算先收藏 拖一会儿再看[微笑R],neutral,-1.0,308.0,16.0,25,1764560241000.0,拖延与行动障碍,拖延挣扎型
,neutral,0.0,61.0,4.0,0,1764478113000.0,,
写手账吧，复盘每日、每周、每月todo，对我来说用处很大,neutral,0.0,20.0,7.0,28,1764632274000.0,"效率与工具,自律与习惯,目标与计划",
猛提一口气做出第一步[生气R]就是要莫名其妙燃一下，比如拖着不洗漱的时候，想到洗漱就立马白磷型人格弹射起步去洗漱，时不时燃一下可以有效开始这些小事，但是如果气血不足的人可能燃不起来，所以要补气血，多吃饭不要饿自己，要有劲。然后拖延严重的时候看看有没有心态出问题，饿了困了渴了累了这些生理问题先解决。面对长效任务的时候，想着五小时原则，然后猛做二十分钟，就发现第一个问题已经被解决了，虽然我没有完全摆脱拖延，不过用以上方法改善了生活，慢慢贴近正常人了，我原来真的拖着不洗漱不起床不吃饭，每天吃一顿饭导致身心被摧残，现在已经是有点拖延的正常人了,negative,-5.2,40.0,3.0,270,1764612863000.0,"拖延与行动障碍,效率与工具,自律与习惯","拖延挣扎型,教练学习者"
,neutral,0.0,0.0,0.0,0,,,
,neutral,0.0,0.0,0.0,0,,,
,neutral,0.0,0.0,0.0,0,,,
,neutral,0.0,0.0,0.0,0,,,
,neutral,0.0,0.0,0.0,0,,,
,neutral,0.0,0.0,0.0,0,,,
,neutral,0.0,0.0,0.0,0,,,
,neutral,0.0,0.0,0.0,0,,,
,neutral,0.0,0.0,0.0,0,,,
,neutral,0.0,0.0,0.0,0,,,
,neutral,0.0,0.0,0.0,0,,,
,neutral,0.0,0.0,0.0,0,,,
,neutral,0.0,0.0,0.0,0,,,
,neutral,0.0,0.0,0.0,0,,,
,neutral,0.0,0.0,0.0,0,,,
,neutral,0.0,0.0,0.0,0,,,
,neutral,0.0,0.0,0.0,0,,,
,neutral,0.0,0.0,0.0,0,,,
,neutral,0.0,0.0,0.0,0,,,
,neutral,0.0,0.0,0.0,0,,,
,neutral,0.0,0.0,0.0,0,,,
,neutral,0.0,0.0,0.0,0,,,
,neutral,0.0,0.0,0.0,0,,,
,neutral,0.0,0.0,0.0,0,,,
,neutral,0.0,0.0,0.0,0,,,
,neutral,0.0,0.0,0.0,0,,,
,neutral,0.0,0.0,0.0,0,,,
,neutral,0.0,0.0,0.0,0,,,
,neutral,0.0,0.0,0.0,0,,,
,neutral,0.0,0.0,0.0,0,,,
,neutral,0.0,0.0,0.0,0,,,
,neutral,0.0,0.0,0.0,0,,,
,neutral,0.0,0.0,0.0,0,,,
,neutral,0.0,0.0,0.0,0,,,
,neutral,0.0,0.0,0.0,0,,,
,neutral,0.0,0.0,0.0,0,,,
,neutral,0.0,0.0,0.0,0,,,
,neutral,0.0,0.0,0.0,0,,,
,neutral,0.0,0.0,0.0,0,,,
,neutral,0.0,0.0,0.0,0,,,
,neutral,0.0,0.0,0.0,0,,,
,neutral,0.0,0.0,0.0,0,,,
,neutral,0.0,0.0,0.0,0,,,
,neutral,0.0,0.0,0.0,0,,,
,neutral,0.0,0.0,0.0,0,,,
,neutral,0.0,0.0,0.0,0,,,
,neutral,0.0,0.0,0.0,0,,,
,neutral,0.0,0.0,0.0,0,,,
,neutral,0.0,0.0,0.0,0,,,
,neutral,0.0,0.0,0.0,0,,,
,neutral,0.0,0.0,0.0,0,,,
,neutral,0.0,0.0,0.0,0,,,
,neutral,0.0,0.0,0.0,0,,,
,neutral,0.0,0.0,0.0,0,,,
,neutral,0.0,0.0,0.0,0,,,
,neutral,0.0,0.0,0.0,0,,,
,neutral,0.0,0.0,0.0,0,,,
,neutral,0.0,0.0,0.0,0,,,
,neutral,0.0,0.0,0.0,0,,,
,neutral,0.0,0.0,0.0,0,,,
,neutral,0.0,0.0,0.0,0,,,
,neutral,0.0,0.0,0.0,0,,,
,neutral,0.0,0.0,0.0,0,,,
,neutral,0.0,0.0,0.0,0,,,
,neutral,0.0,0.0,0.0,0,,,
,neutral,0.0,0.0,0.0,0,,,
,neutral,0.0,0.0,0.0,0,,,
,neutral,0.0,0.0,0.0,0,,,
,neutral,0.0,0.0,0.0,0,,,
,neutral,0.0,0.0,0.0,0,,,
,neutral,0.0,0.0,0.0,0,,,
,neutral,0.0,0.0,0.0,0,,,
,neutral,0.0,0.0,0.0,0,,,
,neutral,0.0,0.0,0.0,0,,,
,neutral,0.0,0.0,0.0,0,,,
,neutral,0.0,0.0,0.0,0,,,
,neutral,0.0,0.0,0.0,0,,,
,neutral,0.0,0.0,0.0,0,,,
,neutral,0.0,0.0,0.0,0,,,
,neutral,0.0,0.0,0.0,0,,,
,neutral,0.0,0.0,0.0,0,,,
,neutral,0.0,0.0,0.0,0,,,
,neutral,0.0,0.0,0.0,0,,,
,neutral,0.0,0.0,0.0,0,,,
,neutral,0.0,0.0,0.0,0,,,
,neutral,0.0,0.0,0.0,0,,,
,neutral,0.0,0.0,0.0,0,,,
,neutral,0.0,0.0,0.0,0,,,
,neutral,0.0,0.0,0.0,0,,,
,neutral,0.0,0.0,0.0,0,,,
,neutral,0.0,0.0,0.0,0,,,
,neutral,0.0,0.0,0.0,0,,,
,neutral,0.0,0.0,0.0,0,,,
,neutral,0.0,0.0,0.0,0,,,
,neutral,0.0,0.0,0.0,0,,,
,neutral,0.0,0.0,0.0,0,,,
,neutral,0.0,0.0,0.0,0,,,
,neutral,0.0,0.0,0.0,0,,,
,neutral,0.0,0.0,0.0,0,,,
,neutral,0.0,0.0,0.0,0,,,
